report_id,row_id,col_id,cell_type,cell_formatted,sort_order,_sub_col_order
PUB-AE-BY-SOC,R0001,Placebo_n,INTEGER,1,1,1
PUB-AE-BY-SOC,R0001,Placebo_pct,PERCENTAGE,(1.2),1,2
PUB-AE-BY-SOC,R0001,Total_n,INTEGER,5,1,1
PUB-AE-BY-SOC,R0001,Total_pct,PERCENTAGE,(2.0),1,2
PUB-AE-BY-SOC,R0001,Xanomeline_High_Dose_n,INTEGER,3,1,1
PUB-AE-BY-SOC,R0001,Xanomeline_High_Dose_pct,PERCENTAGE,(3.6),1,2
PUB-AE-BY-SOC,R0001,Xanomeline_Low_Dose_n,INTEGER,1,1,1
PUB-AE-BY-SOC,R0001,Xanomeline_Low_Dose_pct,PERCENTAGE,(1.2),1,2
PUB-AE-BY-SOC,R0002,Placebo_n,INTEGER,0,2,1
PUB-AE-BY-SOC,R0002,Placebo_pct,PERCENTAGE,(0.0),2,2
PUB-AE-BY-SOC,R0002,Total_n,INTEGER,2,2,1
PUB-AE-BY-SOC,R0002,Total_pct,PERCENTAGE,(0.8),2,2
PUB-AE-BY-SOC,R0002,Xanomeline_High_Dose_n,INTEGER,1,2,1
PUB-AE-BY-SOC,R0002,Xanomeline_High_Dose_pct,PERCENTAGE,(1.2),2,2
PUB-AE-BY-SOC,R0002,Xanomeline_Low_Dose_n,INTEGER,1,2,1
PUB-AE-BY-SOC,R0002,Xanomeline_Low_Dose_pct,PERCENTAGE,(1.2),2,2
PUB-AE-BY-SOC,R0003,Placebo_n,INTEGER,1,3,1
PUB-AE-BY-SOC,R0003,Placebo_pct,PERCENTAGE,(1.2),3,2
PUB-AE-BY-SOC,R0003,Total_n,INTEGER,1,3,1
PUB-AE-BY-SOC,R0003,Total_pct,PERCENTAGE,(0.4),3,2
PUB-AE-BY-SOC,R0003,Xanomeline_High_Dose_n,INTEGER,0,3,1
PUB-AE-BY-SOC,R0003,Xanomeline_High_Dose_pct,PERCENTAGE,(0.0),3,2
PUB-AE-BY-SOC,R0003,Xanomeline_Low_Dose_n,INTEGER,0,3,1
PUB-AE-BY-SOC,R0003,Xanomeline_Low_Dose_pct,PERCENTAGE,(0.0),3,2
PUB-AE-BY-SOC,R0004,Placebo_n,INTEGER,1,4,1
PUB-AE-BY-SOC,R0004,Placebo_pct,PERCENTAGE,(1.2),4,2
PUB-AE-BY-SOC,R0004,Total_n,INTEGER,2,4,1
PUB-AE-BY-SOC,R0004,Total_pct,PERCENTAGE,(0.8),4,2
PUB-AE-BY-SOC,R0004,Xanomeline_High_Dose_n,INTEGER,0,4,1
PUB-AE-BY-SOC,R0004,Xanomeline_High_Dose_pct,PERCENTAGE,(0.0),4,2
PUB-AE-BY-SOC,R0004,Xanomeline_Low_Dose_n,INTEGER,1,4,1
PUB-AE-BY-SOC,R0004,Xanomeline_Low_Dose_pct,PERCENTAGE,(1.2),4,2
PUB-AE-BY-SOC,R0005,Placebo_n,INTEGER,1,5,1
PUB-AE-BY-SOC,R0005,Placebo_pct,PERCENTAGE,(1.2),5,2
PUB-AE-BY-SOC,R0005,Total_n,INTEGER,1,5,1
PUB-AE-BY-SOC,R0005,Total_pct,PERCENTAGE,(0.4),5,2
PUB-AE-BY-SOC,R0005,Xanomeline_High_Dose_n,INTEGER,0,5,1
PUB-AE-BY-SOC,R0005,Xanomeline_High_Dose_pct,PERCENTAGE,(0.0),5,2
PUB-AE-BY-SOC,R0005,Xanomeline_Low_Dose_n,INTEGER,0,5,1
PUB-AE-BY-SOC,R0005,Xanomeline_Low_Dose_pct,PERCENTAGE,(0.0),5,2
PUB-AE-BY-SOC,R0006,Placebo_n,INTEGER,1,6,1
PUB-AE-BY-SOC,R0006,Placebo_pct,PERCENTAGE,(1.2),6,2
PUB-AE-BY-SOC,R0006,Total_n,INTEGER,1,6,1
PUB-AE-BY-SOC,R0006,Total_pct,PERCENTAGE,(0.4),6,2
PUB-AE-BY-SOC,R0006,Xanomeline_High_Dose_n,INTEGER,0,6,1
PUB-AE-BY-SOC,R0006,Xanomeline_High_Dose_pct,PERCENTAGE,(0.0),6,2
PUB-AE-BY-SOC,R0006,Xanomeline_Low_Dose_n,INTEGER,0,6,1
PUB-AE-BY-SOC,R0006,Xanomeline_Low_Dose_pct,PERCENTAGE,(0.0),6,2
PUB-AE-BY-SOC,R0007,Placebo_n,INTEGER,1,7,1
PUB-AE-BY-SOC,R0007,Placebo_pct,PERCENTAGE,(1.2),7,2
PUB-AE-BY-SOC,R0007,Total_n,INTEGER,1,7,1
PUB-AE-BY-SOC,R0007,Total_pct,PERCENTAGE,(0.4),7,2
PUB-AE-BY-SOC,R0007,Xanomeline_High_Dose_n,INTEGER,0,7,1
PUB-AE-BY-SOC,R0007,Xanomeline_High_Dose_pct,PERCENTAGE,(0.0),7,2
PUB-AE-BY-SOC,R0007,Xanomeline_Low_Dose_n,INTEGER,0,7,1
PUB-AE-BY-SOC,R0007,Xanomeline_Low_Dose_pct,PERCENTAGE,(0.0),7,2
PUB-AE-BY-SOC,R0008,Placebo_n,INTEGER,1,8,1
PUB-AE-BY-SOC,R0008,Placebo_pct,PERCENTAGE,(1.2),8,2
PUB-AE-BY-SOC,R0008,Total_n,INTEGER,2,8,1
PUB-AE-BY-SOC,R0008,Total_pct,PERCENTAGE,(0.8),8,2
PUB-AE-BY-SOC,R0008,Xanomeline_High_Dose_n,INTEGER,0,8,1
PUB-AE-BY-SOC,R0008,Xanomeline_High_Dose_pct,PERCENTAGE,(0.0),8,2
PUB-AE-BY-SOC,R0008,Xanomeline_Low_Dose_n,INTEGER,1,8,1
PUB-AE-BY-SOC,R0008,Xanomeline_Low_Dose_pct,PERCENTAGE,(1.2),8,2
PUB-AE-BY-SOC,R0009,Placebo_n,INTEGER,0,9,1
PUB-AE-BY-SOC,R0009,Placebo_pct,PERCENTAGE,(0.0),9,2
PUB-AE-BY-SOC,R0009,Total_n,INTEGER,1,9,1
PUB-AE-BY-SOC,R0009,Total_pct,PERCENTAGE,(0.4),9,2
PUB-AE-BY-SOC,R0009,Xanomeline_High_Dose_n,INTEGER,1,9,1
PUB-AE-BY-SOC,R0009,Xanomeline_High_Dose_pct,PERCENTAGE,(1.2),9,2
PUB-AE-BY-SOC,R0009,Xanomeline_Low_Dose_n,INTEGER,0,9,1
PUB-AE-BY-SOC,R0009,Xanomeline_Low_Dose_pct,PERCENTAGE,(0.0),9,2
PUB-AE-BY-SOC,R0010,Placebo_n,INTEGER,1,10,1
PUB-AE-BY-SOC,R0010,Placebo_pct,PERCENTAGE,(1.2),10,2
PUB-AE-BY-SOC,R0010,Total_n,INTEGER,1,10,1
PUB-AE-BY-SOC,R0010,Total_pct,PERCENTAGE,(0.4),10,2
PUB-AE-BY-SOC,R0010,Xanomeline_High_Dose_n,INTEGER,0,10,1
PUB-AE-BY-SOC,R0010,Xanomeline_High_Dose_pct,PERCENTAGE,(0.0),10,2
PUB-AE-BY-SOC,R0010,Xanomeline_Low_Dose_n,INTEGER,0,10,1
PUB-AE-BY-SOC,R0010,Xanomeline_Low_Dose_pct,PERCENTAGE,(0.0),10,2
PUB-AE-BY-SOC,R0011,Placebo_n,INTEGER,4,11,1
PUB-AE-BY-SOC,R0011,Placebo_pct,PERCENTAGE,(4.7),11,2
PUB-AE-BY-SOC,R0011,Total_n,INTEGER,10,11,1
PUB-AE-BY-SOC,R0011,Total_pct,PERCENTAGE,(3.9),11,2
PUB-AE-BY-SOC,R0011,Xanomeline_High_Dose_n,INTEGER,4,11,1
PUB-AE-BY-SOC,R0011,Xanomeline_High_Dose_pct,PERCENTAGE,(4.8),11,2
PUB-AE-BY-SOC,R0011,Xanomeline_Low_Dose_n,INTEGER,2,11,1
PUB-AE-BY-SOC,R0011,Xanomeline_Low_Dose_pct,PERCENTAGE,(2.4),11,2
PUB-AE-BY-SOC,R0012,Placebo_n,INTEGER,0,12,1
PUB-AE-BY-SOC,R0012,Placebo_pct,PERCENTAGE,(0.0),12,2
PUB-AE-BY-SOC,R0012,Total_n,INTEGER,2,12,1
PUB-AE-BY-SOC,R0012,Total_pct,PERCENTAGE,(0.8),12,2
PUB-AE-BY-SOC,R0012,Xanomeline_High_Dose_n,INTEGER,0,12,1
PUB-AE-BY-SOC,R0012,Xanomeline_High_Dose_pct,PERCENTAGE,(0.0),12,2
PUB-AE-BY-SOC,R0012,Xanomeline_Low_Dose_n,INTEGER,2,12,1
PUB-AE-BY-SOC,R0012,Xanomeline_Low_Dose_pct,PERCENTAGE,(2.4),12,2
PUB-AE-BY-SOC,R0013,Placebo_n,INTEGER,1,13,1
PUB-AE-BY-SOC,R0013,Placebo_pct,PERCENTAGE,(1.2),13,2
PUB-AE-BY-SOC,R0013,Total_n,INTEGER,1,13,1
PUB-AE-BY-SOC,R0013,Total_pct,PERCENTAGE,(0.4),13,2
PUB-AE-BY-SOC,R0013,Xanomeline_High_Dose_n,INTEGER,0,13,1
PUB-AE-BY-SOC,R0013,Xanomeline_High_Dose_pct,PERCENTAGE,(0.0),13,2
PUB-AE-BY-SOC,R0013,Xanomeline_Low_Dose_n,INTEGER,0,13,1
PUB-AE-BY-SOC,R0013,Xanomeline_Low_Dose_pct,PERCENTAGE,(0.0),13,2
PUB-AE-BY-SOC,R0014,Placebo_n,INTEGER,2,14,1
PUB-AE-BY-SOC,R0014,Placebo_pct,PERCENTAGE,(2.3),14,2
PUB-AE-BY-SOC,R0014,Total_n,INTEGER,17,14,1
PUB-AE-BY-SOC,R0014,Total_pct,PERCENTAGE,(6.7),14,2
PUB-AE-BY-SOC,R0014,Xanomeline_High_Dose_n,INTEGER,8,14,1
PUB-AE-BY-SOC,R0014,Xanomeline_High_Dose_pct,PERCENTAGE,(9.5),14,2
PUB-AE-BY-SOC,R0014,Xanomeline_Low_Dose_n,INTEGER,7,14,1
PUB-AE-BY-SOC,R0014,Xanomeline_Low_Dose_pct,PERCENTAGE,(8.3),14,2
PUB-AE-BY-SOC,R0015,Placebo_n,INTEGER,1,15,1
PUB-AE-BY-SOC,R0015,Placebo_pct,PERCENTAGE,(1.2),15,2
PUB-AE-BY-SOC,R0015,Total_n,INTEGER,3,15,1
PUB-AE-BY-SOC,R0015,Total_pct,PERCENTAGE,(1.2),15,2
PUB-AE-BY-SOC,R0015,Xanomeline_High_Dose_n,INTEGER,1,15,1
PUB-AE-BY-SOC,R0015,Xanomeline_High_Dose_pct,PERCENTAGE,(1.2),15,2
PUB-AE-BY-SOC,R0015,Xanomeline_Low_Dose_n,INTEGER,1,15,1
PUB-AE-BY-SOC,R0015,Xanomeline_Low_Dose_pct,PERCENTAGE,(1.2),15,2
PUB-AE-BY-SOC,R0016,Placebo_n,INTEGER,0,16,1
PUB-AE-BY-SOC,R0016,Placebo_pct,PERCENTAGE,(0.0),16,2
PUB-AE-BY-SOC,R0016,Total_n,INTEGER,1,16,1
PUB-AE-BY-SOC,R0016,Total_pct,PERCENTAGE,(0.4),16,2
PUB-AE-BY-SOC,R0016,Xanomeline_High_Dose_n,INTEGER,0,16,1
PUB-AE-BY-SOC,R0016,Xanomeline_High_Dose_pct,PERCENTAGE,(0.0),16,2
PUB-AE-BY-SOC,R0016,Xanomeline_Low_Dose_n,INTEGER,1,16,1
PUB-AE-BY-SOC,R0016,Xanomeline_Low_Dose_pct,PERCENTAGE,(1.2),16,2
PUB-AE-BY-SOC,R0017,Placebo_n,INTEGER,1,17,1
PUB-AE-BY-SOC,R0017,Placebo_pct,PERCENTAGE,(1.2),17,2
PUB-AE-BY-SOC,R0017,Total_n,INTEGER,1,17,1
PUB-AE-BY-SOC,R0017,Total_pct,PERCENTAGE,(0.4),17,2
PUB-AE-BY-SOC,R0017,Xanomeline_High_Dose_n,INTEGER,0,17,1
PUB-AE-BY-SOC,R0017,Xanomeline_High_Dose_pct,PERCENTAGE,(0.0),17,2
PUB-AE-BY-SOC,R0017,Xanomeline_Low_Dose_n,INTEGER,0,17,1
PUB-AE-BY-SOC,R0017,Xanomeline_Low_Dose_pct,PERCENTAGE,(0.0),17,2
PUB-AE-BY-SOC,R0018,Placebo_n,INTEGER,0,18,1
PUB-AE-BY-SOC,R0018,Placebo_pct,PERCENTAGE,(0.0),18,2
PUB-AE-BY-SOC,R0018,Total_n,INTEGER,3,18,1
PUB-AE-BY-SOC,R0018,Total_pct,PERCENTAGE,(1.2),18,2
PUB-AE-BY-SOC,R0018,Xanomeline_High_Dose_n,INTEGER,1,18,1
PUB-AE-BY-SOC,R0018,Xanomeline_High_Dose_pct,PERCENTAGE,(1.2),18,2
PUB-AE-BY-SOC,R0018,Xanomeline_Low_Dose_n,INTEGER,2,18,1
PUB-AE-BY-SOC,R0018,Xanomeline_Low_Dose_pct,PERCENTAGE,(2.4),18,2
PUB-AE-BY-SOC,R0019,Placebo_n,INTEGER,1,19,1
PUB-AE-BY-SOC,R0019,Placebo_pct,PERCENTAGE,(1.2),19,2
PUB-AE-BY-SOC,R0019,Total_n,INTEGER,1,19,1
PUB-AE-BY-SOC,R0019,Total_pct,PERCENTAGE,(0.4),19,2
PUB-AE-BY-SOC,R0019,Xanomeline_High_Dose_n,INTEGER,0,19,1
PUB-AE-BY-SOC,R0019,Xanomeline_High_Dose_pct,PERCENTAGE,(0.0),19,2
PUB-AE-BY-SOC,R0019,Xanomeline_Low_Dose_n,INTEGER,0,19,1
PUB-AE-BY-SOC,R0019,Xanomeline_Low_Dose_pct,PERCENTAGE,(0.0),19,2
PUB-AE-BY-SOC,R0020,Placebo_n,INTEGER,0,20,1
PUB-AE-BY-SOC,R0020,Placebo_pct,PERCENTAGE,(0.0),20,2
PUB-AE-BY-SOC,R0020,Total_n,INTEGER,1,20,1
PUB-AE-BY-SOC,R0020,Total_pct,PERCENTAGE,(0.4),20,2
PUB-AE-BY-SOC,R0020,Xanomeline_High_Dose_n,INTEGER,0,20,1
PUB-AE-BY-SOC,R0020,Xanomeline_High_Dose_pct,PERCENTAGE,(0.0),20,2
PUB-AE-BY-SOC,R0020,Xanomeline_Low_Dose_n,INTEGER,1,20,1
PUB-AE-BY-SOC,R0020,Xanomeline_Low_Dose_pct,PERCENTAGE,(1.2),20,2
PUB-AE-BY-SOC,R0021,Placebo_n,INTEGER,0,21,1
PUB-AE-BY-SOC,R0021,Placebo_pct,PERCENTAGE,(0.0),21,2
PUB-AE-BY-SOC,R0021,Total_n,INTEGER,3,21,1
PUB-AE-BY-SOC,R0021,Total_pct,PERCENTAGE,(1.2),21,2
PUB-AE-BY-SOC,R0021,Xanomeline_High_Dose_n,INTEGER,2,21,1
PUB-AE-BY-SOC,R0021,Xanomeline_High_Dose_pct,PERCENTAGE,(2.4),21,2
PUB-AE-BY-SOC,R0021,Xanomeline_Low_Dose_n,INTEGER,1,21,1
PUB-AE-BY-SOC,R0021,Xanomeline_Low_Dose_pct,PERCENTAGE,(1.2),21,2
PUB-AE-BY-SOC,R0022,Placebo_n,INTEGER,0,22,1
PUB-AE-BY-SOC,R0022,Placebo_pct,PERCENTAGE,(0.0),22,2
PUB-AE-BY-SOC,R0022,Total_n,INTEGER,1,22,1
PUB-AE-BY-SOC,R0022,Total_pct,PERCENTAGE,(0.4),22,2
PUB-AE-BY-SOC,R0022,Xanomeline_High_Dose_n,INTEGER,0,22,1
PUB-AE-BY-SOC,R0022,Xanomeline_High_Dose_pct,PERCENTAGE,(0.0),22,2
PUB-AE-BY-SOC,R0022,Xanomeline_Low_Dose_n,INTEGER,1,22,1
PUB-AE-BY-SOC,R0022,Xanomeline_Low_Dose_pct,PERCENTAGE,(1.2),22,2
PUB-AE-BY-SOC,R0023,Placebo_n,INTEGER,1,23,1
PUB-AE-BY-SOC,R0023,Placebo_pct,PERCENTAGE,(1.2),23,2
PUB-AE-BY-SOC,R0023,Total_n,INTEGER,1,23,1
PUB-AE-BY-SOC,R0023,Total_pct,PERCENTAGE,(0.4),23,2
PUB-AE-BY-SOC,R0023,Xanomeline_High_Dose_n,INTEGER,0,23,1
PUB-AE-BY-SOC,R0023,Xanomeline_High_Dose_pct,PERCENTAGE,(0.0),23,2
PUB-AE-BY-SOC,R0023,Xanomeline_Low_Dose_n,INTEGER,0,23,1
PUB-AE-BY-SOC,R0023,Xanomeline_Low_Dose_pct,PERCENTAGE,(0.0),23,2
PUB-AE-BY-SOC,R0024,Placebo_n,INTEGER,0,24,1
PUB-AE-BY-SOC,R0024,Placebo_pct,PERCENTAGE,(0.0),24,2
PUB-AE-BY-SOC,R0024,Total_n,INTEGER,2,24,1
PUB-AE-BY-SOC,R0024,Total_pct,PERCENTAGE,(0.8),24,2
PUB-AE-BY-SOC,R0024,Xanomeline_High_Dose_n,INTEGER,1,24,1
PUB-AE-BY-SOC,R0024,Xanomeline_High_Dose_pct,PERCENTAGE,(1.2),24,2
PUB-AE-BY-SOC,R0024,Xanomeline_Low_Dose_n,INTEGER,1,24,1
PUB-AE-BY-SOC,R0024,Xanomeline_Low_Dose_pct,PERCENTAGE,(1.2),24,2
PUB-AE-BY-SOC,R0025,Placebo_n,INTEGER,0,25,1
PUB-AE-BY-SOC,R0025,Placebo_pct,PERCENTAGE,(0.0),25,2
PUB-AE-BY-SOC,R0025,Total_n,INTEGER,1,25,1
PUB-AE-BY-SOC,R0025,Total_pct,PERCENTAGE,(0.4),25,2
PUB-AE-BY-SOC,R0025,Xanomeline_High_Dose_n,INTEGER,0,25,1
PUB-AE-BY-SOC,R0025,Xanomeline_High_Dose_pct,PERCENTAGE,(0.0),25,2
PUB-AE-BY-SOC,R0025,Xanomeline_Low_Dose_n,INTEGER,1,25,1
PUB-AE-BY-SOC,R0025,Xanomeline_Low_Dose_pct,PERCENTAGE,(1.2),25,2
PUB-AE-BY-SOC,R0026,Placebo_n,INTEGER,1,26,1
PUB-AE-BY-SOC,R0026,Placebo_pct,PERCENTAGE,(1.2),26,2
PUB-AE-BY-SOC,R0026,Total_n,INTEGER,1,26,1
PUB-AE-BY-SOC,R0026,Total_pct,PERCENTAGE,(0.4),26,2
PUB-AE-BY-SOC,R0026,Xanomeline_High_Dose_n,INTEGER,0,26,1
PUB-AE-BY-SOC,R0026,Xanomeline_High_Dose_pct,PERCENTAGE,(0.0),26,2
PUB-AE-BY-SOC,R0026,Xanomeline_Low_Dose_n,INTEGER,0,26,1
PUB-AE-BY-SOC,R0026,Xanomeline_Low_Dose_pct,PERCENTAGE,(0.0),26,2
PUB-AE-BY-SOC,R0027,Placebo_n,INTEGER,1,27,1
PUB-AE-BY-SOC,R0027,Placebo_pct,PERCENTAGE,(1.2),27,2
PUB-AE-BY-SOC,R0027,Total_n,INTEGER,1,27,1
PUB-AE-BY-SOC,R0027,Total_pct,PERCENTAGE,(0.4),27,2
PUB-AE-BY-SOC,R0027,Xanomeline_High_Dose_n,INTEGER,0,27,1
PUB-AE-BY-SOC,R0027,Xanomeline_High_Dose_pct,PERCENTAGE,(0.0),27,2
PUB-AE-BY-SOC,R0027,Xanomeline_Low_Dose_n,INTEGER,0,27,1
PUB-AE-BY-SOC,R0027,Xanomeline_Low_Dose_pct,PERCENTAGE,(0.0),27,2
PUB-AE-BY-SOC,R0028,Placebo_n,INTEGER,1,28,1
PUB-AE-BY-SOC,R0028,Placebo_pct,PERCENTAGE,(1.2),28,2
PUB-AE-BY-SOC,R0028,Total_n,INTEGER,1,28,1
PUB-AE-BY-SOC,R0028,Total_pct,PERCENTAGE,(0.4),28,2
PUB-AE-BY-SOC,R0028,Xanomeline_High_Dose_n,INTEGER,0,28,1
PUB-AE-BY-SOC,R0028,Xanomeline_High_Dose_pct,PERCENTAGE,(0.0),28,2
PUB-AE-BY-SOC,R0028,Xanomeline_Low_Dose_n,INTEGER,0,28,1
PUB-AE-BY-SOC,R0028,Xanomeline_Low_Dose_pct,PERCENTAGE,(0.0),28,2
PUB-AE-BY-SOC,R0029,Placebo_n,INTEGER,1,29,1
PUB-AE-BY-SOC,R0029,Placebo_pct,PERCENTAGE,(1.2),29,2
PUB-AE-BY-SOC,R0029,Total_n,INTEGER,1,29,1
PUB-AE-BY-SOC,R0029,Total_pct,PERCENTAGE,(0.4),29,2
PUB-AE-BY-SOC,R0029,Xanomeline_High_Dose_n,INTEGER,0,29,1
PUB-AE-BY-SOC,R0029,Xanomeline_High_Dose_pct,PERCENTAGE,(0.0),29,2
PUB-AE-BY-SOC,R0029,Xanomeline_Low_Dose_n,INTEGER,0,29,1
PUB-AE-BY-SOC,R0029,Xanomeline_Low_Dose_pct,PERCENTAGE,(0.0),29,2
PUB-AE-BY-SOC,R0030,Placebo_n,INTEGER,0,30,1
PUB-AE-BY-SOC,R0030,Placebo_pct,PERCENTAGE,(0.0),30,2
PUB-AE-BY-SOC,R0030,Total_n,INTEGER,2,30,1
PUB-AE-BY-SOC,R0030,Total_pct,PERCENTAGE,(0.8),30,2
PUB-AE-BY-SOC,R0030,Xanomeline_High_Dose_n,INTEGER,1,30,1
PUB-AE-BY-SOC,R0030,Xanomeline_High_Dose_pct,PERCENTAGE,(1.2),30,2
PUB-AE-BY-SOC,R0030,Xanomeline_Low_Dose_n,INTEGER,1,30,1
PUB-AE-BY-SOC,R0030,Xanomeline_Low_Dose_pct,PERCENTAGE,(1.2),30,2
PUB-AE-BY-SOC,R0031,Placebo_n,INTEGER,0,31,1
PUB-AE-BY-SOC,R0031,Placebo_pct,PERCENTAGE,(0.0),31,2
PUB-AE-BY-SOC,R0031,Total_n,INTEGER,1,31,1
PUB-AE-BY-SOC,R0031,Total_pct,PERCENTAGE,(0.4),31,2
PUB-AE-BY-SOC,R0031,Xanomeline_High_Dose_n,INTEGER,1,31,1
PUB-AE-BY-SOC,R0031,Xanomeline_High_Dose_pct,PERCENTAGE,(1.2),31,2
PUB-AE-BY-SOC,R0031,Xanomeline_Low_Dose_n,INTEGER,0,31,1
PUB-AE-BY-SOC,R0031,Xanomeline_Low_Dose_pct,PERCENTAGE,(0.0),31,2
PUB-AE-BY-SOC,R0032,Placebo_n,INTEGER,1,32,1
PUB-AE-BY-SOC,R0032,Placebo_pct,PERCENTAGE,(1.2),32,2
PUB-AE-BY-SOC,R0032,Total_n,INTEGER,5,32,1
PUB-AE-BY-SOC,R0032,Total_pct,PERCENTAGE,(2.0),32,2
PUB-AE-BY-SOC,R0032,Xanomeline_High_Dose_n,INTEGER,1,32,1
PUB-AE-BY-SOC,R0032,Xanomeline_High_Dose_pct,PERCENTAGE,(1.2),32,2
PUB-AE-BY-SOC,R0032,Xanomeline_Low_Dose_n,INTEGER,3,32,1
PUB-AE-BY-SOC,R0032,Xanomeline_Low_Dose_pct,PERCENTAGE,(3.6),32,2
PUB-AE-BY-SOC,R0033,Placebo_n,INTEGER,1,33,1
PUB-AE-BY-SOC,R0033,Placebo_pct,PERCENTAGE,(1.2),33,2
PUB-AE-BY-SOC,R0033,Total_n,INTEGER,1,33,1
PUB-AE-BY-SOC,R0033,Total_pct,PERCENTAGE,(0.4),33,2
PUB-AE-BY-SOC,R0033,Xanomeline_High_Dose_n,INTEGER,0,33,1
PUB-AE-BY-SOC,R0033,Xanomeline_High_Dose_pct,PERCENTAGE,(0.0),33,2
PUB-AE-BY-SOC,R0033,Xanomeline_Low_Dose_n,INTEGER,0,33,1
PUB-AE-BY-SOC,R0033,Xanomeline_Low_Dose_pct,PERCENTAGE,(0.0),33,2
PUB-AE-BY-SOC,R0034,Placebo_n,INTEGER,9,34,1
PUB-AE-BY-SOC,R0034,Placebo_pct,PERCENTAGE,(10.5),34,2
PUB-AE-BY-SOC,R0034,Total_n,INTEGER,17,34,1
PUB-AE-BY-SOC,R0034,Total_pct,PERCENTAGE,(6.7),34,2
PUB-AE-BY-SOC,R0034,Xanomeline_High_Dose_n,INTEGER,4,34,1
PUB-AE-BY-SOC,R0034,Xanomeline_High_Dose_pct,PERCENTAGE,(4.8),34,2
PUB-AE-BY-SOC,R0034,Xanomeline_Low_Dose_n,INTEGER,4,34,1
PUB-AE-BY-SOC,R0034,Xanomeline_Low_Dose_pct,PERCENTAGE,(4.8),34,2
PUB-AE-BY-SOC,R0035,Placebo_n,INTEGER,1,35,1
PUB-AE-BY-SOC,R0035,Placebo_pct,PERCENTAGE,(1.2),35,2
PUB-AE-BY-SOC,R0035,Total_n,INTEGER,2,35,1
PUB-AE-BY-SOC,R0035,Total_pct,PERCENTAGE,(0.8),35,2
PUB-AE-BY-SOC,R0035,Xanomeline_High_Dose_n,INTEGER,0,35,1
PUB-AE-BY-SOC,R0035,Xanomeline_High_Dose_pct,PERCENTAGE,(0.0),35,2
PUB-AE-BY-SOC,R0035,Xanomeline_Low_Dose_n,INTEGER,1,35,1
PUB-AE-BY-SOC,R0035,Xanomeline_Low_Dose_pct,PERCENTAGE,(1.2),35,2
PUB-AE-BY-SOC,R0036,Placebo_n,INTEGER,0,36,1
PUB-AE-BY-SOC,R0036,Placebo_pct,PERCENTAGE,(0.0),36,2
PUB-AE-BY-SOC,R0036,Total_n,INTEGER,1,36,1
PUB-AE-BY-SOC,R0036,Total_pct,PERCENTAGE,(0.4),36,2
PUB-AE-BY-SOC,R0036,Xanomeline_High_Dose_n,INTEGER,0,36,1
PUB-AE-BY-SOC,R0036,Xanomeline_High_Dose_pct,PERCENTAGE,(0.0),36,2
PUB-AE-BY-SOC,R0036,Xanomeline_Low_Dose_n,INTEGER,1,36,1
PUB-AE-BY-SOC,R0036,Xanomeline_Low_Dose_pct,PERCENTAGE,(1.2),36,2
PUB-AE-BY-SOC,R0037,Placebo_n,INTEGER,1,37,1
PUB-AE-BY-SOC,R0037,Placebo_pct,PERCENTAGE,(1.2),37,2
PUB-AE-BY-SOC,R0037,Total_n,INTEGER,1,37,1
PUB-AE-BY-SOC,R0037,Total_pct,PERCENTAGE,(0.4),37,2
PUB-AE-BY-SOC,R0037,Xanomeline_High_Dose_n,INTEGER,0,37,1
PUB-AE-BY-SOC,R0037,Xanomeline_High_Dose_pct,PERCENTAGE,(0.0),37,2
PUB-AE-BY-SOC,R0037,Xanomeline_Low_Dose_n,INTEGER,0,37,1
PUB-AE-BY-SOC,R0037,Xanomeline_Low_Dose_pct,PERCENTAGE,(0.0),37,2
PUB-AE-BY-SOC,R0038,Placebo_n,INTEGER,0,38,1
PUB-AE-BY-SOC,R0038,Placebo_pct,PERCENTAGE,(0.0),38,2
PUB-AE-BY-SOC,R0038,Total_n,INTEGER,1,38,1
PUB-AE-BY-SOC,R0038,Total_pct,PERCENTAGE,(0.4),38,2
PUB-AE-BY-SOC,R0038,Xanomeline_High_Dose_n,INTEGER,1,38,1
PUB-AE-BY-SOC,R0038,Xanomeline_High_Dose_pct,PERCENTAGE,(1.2),38,2
PUB-AE-BY-SOC,R0038,Xanomeline_Low_Dose_n,INTEGER,0,38,1
PUB-AE-BY-SOC,R0038,Xanomeline_Low_Dose_pct,PERCENTAGE,(0.0),38,2
PUB-AE-BY-SOC,R0039,Placebo_n,INTEGER,1,39,1
PUB-AE-BY-SOC,R0039,Placebo_pct,PERCENTAGE,(1.2),39,2
PUB-AE-BY-SOC,R0039,Total_n,INTEGER,1,39,1
PUB-AE-BY-SOC,R0039,Total_pct,PERCENTAGE,(0.4),39,2
PUB-AE-BY-SOC,R0039,Xanomeline_High_Dose_n,INTEGER,0,39,1
PUB-AE-BY-SOC,R0039,Xanomeline_High_Dose_pct,PERCENTAGE,(0.0),39,2
PUB-AE-BY-SOC,R0039,Xanomeline_Low_Dose_n,INTEGER,0,39,1
PUB-AE-BY-SOC,R0039,Xanomeline_Low_Dose_pct,PERCENTAGE,(0.0),39,2
PUB-AE-BY-SOC,R0040,Placebo_n,INTEGER,1,40,1
PUB-AE-BY-SOC,R0040,Placebo_pct,PERCENTAGE,(1.2),40,2
PUB-AE-BY-SOC,R0040,Total_n,INTEGER,1,40,1
PUB-AE-BY-SOC,R0040,Total_pct,PERCENTAGE,(0.4),40,2
PUB-AE-BY-SOC,R0040,Xanomeline_High_Dose_n,INTEGER,0,40,1
PUB-AE-BY-SOC,R0040,Xanomeline_High_Dose_pct,PERCENTAGE,(0.0),40,2
PUB-AE-BY-SOC,R0040,Xanomeline_Low_Dose_n,INTEGER,0,40,1
PUB-AE-BY-SOC,R0040,Xanomeline_Low_Dose_pct,PERCENTAGE,(0.0),40,2
PUB-AE-BY-SOC,R0041,Placebo_n,INTEGER,1,41,1
PUB-AE-BY-SOC,R0041,Placebo_pct,PERCENTAGE,(1.2),41,2
PUB-AE-BY-SOC,R0041,Total_n,INTEGER,1,41,1
PUB-AE-BY-SOC,R0041,Total_pct,PERCENTAGE,(0.4),41,2
PUB-AE-BY-SOC,R0041,Xanomeline_High_Dose_n,INTEGER,0,41,1
PUB-AE-BY-SOC,R0041,Xanomeline_High_Dose_pct,PERCENTAGE,(0.0),41,2
PUB-AE-BY-SOC,R0041,Xanomeline_Low_Dose_n,INTEGER,0,41,1
PUB-AE-BY-SOC,R0041,Xanomeline_Low_Dose_pct,PERCENTAGE,(0.0),41,2
PUB-AE-BY-SOC,R0042,Placebo_n,INTEGER,3,42,1
PUB-AE-BY-SOC,R0042,Placebo_pct,PERCENTAGE,(3.5),42,2
PUB-AE-BY-SOC,R0042,Total_n,INTEGER,12,42,1
PUB-AE-BY-SOC,R0042,Total_pct,PERCENTAGE,(4.7),42,2
PUB-AE-BY-SOC,R0042,Xanomeline_High_Dose_n,INTEGER,6,42,1
PUB-AE-BY-SOC,R0042,Xanomeline_High_Dose_pct,PERCENTAGE,(7.1),42,2
PUB-AE-BY-SOC,R0042,Xanomeline_Low_Dose_n,INTEGER,3,42,1
PUB-AE-BY-SOC,R0042,Xanomeline_Low_Dose_pct,PERCENTAGE,(3.6),42,2
PUB-AE-BY-SOC,R0043,Placebo_n,INTEGER,0,43,1
PUB-AE-BY-SOC,R0043,Placebo_pct,PERCENTAGE,(0.0),43,2
PUB-AE-BY-SOC,R0043,Total_n,INTEGER,1,43,1
PUB-AE-BY-SOC,R0043,Total_pct,PERCENTAGE,(0.4),43,2
PUB-AE-BY-SOC,R0043,Xanomeline_High_Dose_n,INTEGER,0,43,1
PUB-AE-BY-SOC,R0043,Xanomeline_High_Dose_pct,PERCENTAGE,(0.0),43,2
PUB-AE-BY-SOC,R0043,Xanomeline_Low_Dose_n,INTEGER,1,43,1
PUB-AE-BY-SOC,R0043,Xanomeline_Low_Dose_pct,PERCENTAGE,(1.2),43,2
PUB-AE-BY-SOC,R0044,Placebo_n,INTEGER,0,44,1
PUB-AE-BY-SOC,R0044,Placebo_pct,PERCENTAGE,(0.0),44,2
PUB-AE-BY-SOC,R0044,Total_n,INTEGER,4,44,1
PUB-AE-BY-SOC,R0044,Total_pct,PERCENTAGE,(1.6),44,2
PUB-AE-BY-SOC,R0044,Xanomeline_High_Dose_n,INTEGER,4,44,1
PUB-AE-BY-SOC,R0044,Xanomeline_High_Dose_pct,PERCENTAGE,(4.8),44,2
PUB-AE-BY-SOC,R0044,Xanomeline_Low_Dose_n,INTEGER,0,44,1
PUB-AE-BY-SOC,R0044,Xanomeline_Low_Dose_pct,PERCENTAGE,(0.0),44,2
PUB-AE-BY-SOC,R0045,Placebo_n,INTEGER,0,45,1
PUB-AE-BY-SOC,R0045,Placebo_pct,PERCENTAGE,(0.0),45,2
PUB-AE-BY-SOC,R0045,Total_n,INTEGER,1,45,1
PUB-AE-BY-SOC,R0045,Total_pct,PERCENTAGE,(0.4),45,2
PUB-AE-BY-SOC,R0045,Xanomeline_High_Dose_n,INTEGER,1,45,1
PUB-AE-BY-SOC,R0045,Xanomeline_High_Dose_pct,PERCENTAGE,(1.2),45,2
PUB-AE-BY-SOC,R0045,Xanomeline_Low_Dose_n,INTEGER,0,45,1
PUB-AE-BY-SOC,R0045,Xanomeline_Low_Dose_pct,PERCENTAGE,(0.0),45,2
PUB-AE-BY-SOC,R0046,Placebo_n,INTEGER,3,46,1
PUB-AE-BY-SOC,R0046,Placebo_pct,PERCENTAGE,(3.5),46,2
PUB-AE-BY-SOC,R0046,Total_n,INTEGER,13,46,1
PUB-AE-BY-SOC,R0046,Total_pct,PERCENTAGE,(5.1),46,2
PUB-AE-BY-SOC,R0046,Xanomeline_High_Dose_n,INTEGER,7,46,1
PUB-AE-BY-SOC,R0046,Xanomeline_High_Dose_pct,PERCENTAGE,(8.3),46,2
PUB-AE-BY-SOC,R0046,Xanomeline_Low_Dose_n,INTEGER,3,46,1
PUB-AE-BY-SOC,R0046,Xanomeline_Low_Dose_pct,PERCENTAGE,(3.6),46,2
PUB-AE-BY-SOC,R0047,Placebo_n,INTEGER,0,47,1
PUB-AE-BY-SOC,R0047,Placebo_pct,PERCENTAGE,(0.0),47,2
PUB-AE-BY-SOC,R0047,Total_n,INTEGER,1,47,1
PUB-AE-BY-SOC,R0047,Total_pct,PERCENTAGE,(0.4),47,2
PUB-AE-BY-SOC,R0047,Xanomeline_High_Dose_n,INTEGER,0,47,1
PUB-AE-BY-SOC,R0047,Xanomeline_High_Dose_pct,PERCENTAGE,(0.0),47,2
PUB-AE-BY-SOC,R0047,Xanomeline_Low_Dose_n,INTEGER,1,47,1
PUB-AE-BY-SOC,R0047,Xanomeline_Low_Dose_pct,PERCENTAGE,(1.2),47,2
PUB-AE-BY-SOC,R0048,Placebo_n,INTEGER,5,48,1
PUB-AE-BY-SOC,R0048,Placebo_pct,PERCENTAGE,(5.8),48,2
PUB-AE-BY-SOC,R0048,Total_n,INTEGER,21,48,1
PUB-AE-BY-SOC,R0048,Total_pct,PERCENTAGE,(8.3),48,2
PUB-AE-BY-SOC,R0048,Xanomeline_High_Dose_n,INTEGER,7,48,1
PUB-AE-BY-SOC,R0048,Xanomeline_High_Dose_pct,PERCENTAGE,(8.3),48,2
PUB-AE-BY-SOC,R0048,Xanomeline_Low_Dose_n,INTEGER,9,48,1
PUB-AE-BY-SOC,R0048,Xanomeline_Low_Dose_pct,PERCENTAGE,(10.7),48,2
PUB-AE-BY-SOC,R0049,Placebo_n,INTEGER,0,49,1
PUB-AE-BY-SOC,R0049,Placebo_pct,PERCENTAGE,(0.0),49,2
PUB-AE-BY-SOC,R0049,Total_n,INTEGER,1,49,1
PUB-AE-BY-SOC,R0049,Total_pct,PERCENTAGE,(0.4),49,2
PUB-AE-BY-SOC,R0049,Xanomeline_High_Dose_n,INTEGER,0,49,1
PUB-AE-BY-SOC,R0049,Xanomeline_High_Dose_pct,PERCENTAGE,(0.0),49,2
PUB-AE-BY-SOC,R0049,Xanomeline_Low_Dose_n,INTEGER,1,49,1
PUB-AE-BY-SOC,R0049,Xanomeline_Low_Dose_pct,PERCENTAGE,(1.2),49,2
PUB-AE-BY-SOC,R0050,Placebo_n,INTEGER,0,50,1
PUB-AE-BY-SOC,R0050,Placebo_pct,PERCENTAGE,(0.0),50,2
PUB-AE-BY-SOC,R0050,Total_n,INTEGER,1,50,1
PUB-AE-BY-SOC,R0050,Total_pct,PERCENTAGE,(0.4),50,2
PUB-AE-BY-SOC,R0050,Xanomeline_High_Dose_n,INTEGER,1,50,1
PUB-AE-BY-SOC,R0050,Xanomeline_High_Dose_pct,PERCENTAGE,(1.2),50,2
PUB-AE-BY-SOC,R0050,Xanomeline_Low_Dose_n,INTEGER,0,50,1
PUB-AE-BY-SOC,R0050,Xanomeline_Low_Dose_pct,PERCENTAGE,(0.0),50,2
PUB-AE-BY-SOC,R0051,Placebo_n,INTEGER,0,51,1
PUB-AE-BY-SOC,R0051,Placebo_pct,PERCENTAGE,(0.0),51,2
PUB-AE-BY-SOC,R0051,Total_n,INTEGER,1,51,1
PUB-AE-BY-SOC,R0051,Total_pct,PERCENTAGE,(0.4),51,2
PUB-AE-BY-SOC,R0051,Xanomeline_High_Dose_n,INTEGER,0,51,1
PUB-AE-BY-SOC,R0051,Xanomeline_High_Dose_pct,PERCENTAGE,(0.0),51,2
PUB-AE-BY-SOC,R0051,Xanomeline_Low_Dose_n,INTEGER,1,51,1
PUB-AE-BY-SOC,R0051,Xanomeline_Low_Dose_pct,PERCENTAGE,(1.2),51,2
PUB-AE-BY-SOC,R0052,Placebo_n,INTEGER,3,52,1
PUB-AE-BY-SOC,R0052,Placebo_pct,PERCENTAGE,(3.5),52,2
PUB-AE-BY-SOC,R0052,Total_n,INTEGER,30,52,1
PUB-AE-BY-SOC,R0052,Total_pct,PERCENTAGE,(11.8),52,2
PUB-AE-BY-SOC,R0052,Xanomeline_High_Dose_n,INTEGER,15,52,1
PUB-AE-BY-SOC,R0052,Xanomeline_High_Dose_pct,PERCENTAGE,(17.9),52,2
PUB-AE-BY-SOC,R0052,Xanomeline_Low_Dose_n,INTEGER,12,52,1
PUB-AE-BY-SOC,R0052,Xanomeline_Low_Dose_pct,PERCENTAGE,(14.3),52,2
PUB-AE-BY-SOC,R0053,Placebo_n,INTEGER,1,53,1
PUB-AE-BY-SOC,R0053,Placebo_pct,PERCENTAGE,(1.2),53,2
PUB-AE-BY-SOC,R0053,Total_n,INTEGER,1,53,1
PUB-AE-BY-SOC,R0053,Total_pct,PERCENTAGE,(0.4),53,2
PUB-AE-BY-SOC,R0053,Xanomeline_High_Dose_n,INTEGER,0,53,1
PUB-AE-BY-SOC,R0053,Xanomeline_High_Dose_pct,PERCENTAGE,(0.0),53,2
PUB-AE-BY-SOC,R0053,Xanomeline_Low_Dose_n,INTEGER,0,53,1
PUB-AE-BY-SOC,R0053,Xanomeline_Low_Dose_pct,PERCENTAGE,(0.0),53,2
PUB-AE-BY-SOC,R0054,Placebo_n,INTEGER,3,54,1
PUB-AE-BY-SOC,R0054,Placebo_pct,PERCENTAGE,(3.5),54,2
PUB-AE-BY-SOC,R0054,Total_n,INTEGER,21,54,1
PUB-AE-BY-SOC,R0054,Total_pct,PERCENTAGE,(8.3),54,2
PUB-AE-BY-SOC,R0054,Xanomeline_High_Dose_n,INTEGER,9,54,1
PUB-AE-BY-SOC,R0054,Xanomeline_High_Dose_pct,PERCENTAGE,(10.7),54,2
PUB-AE-BY-SOC,R0054,Xanomeline_Low_Dose_n,INTEGER,9,54,1
PUB-AE-BY-SOC,R0054,Xanomeline_Low_Dose_pct,PERCENTAGE,(10.7),54,2
PUB-AE-BY-SOC,R0055,Placebo_n,INTEGER,0,55,1
PUB-AE-BY-SOC,R0055,Placebo_pct,PERCENTAGE,(0.0),55,2
PUB-AE-BY-SOC,R0055,Total_n,INTEGER,2,55,1
PUB-AE-BY-SOC,R0055,Total_pct,PERCENTAGE,(0.8),55,2
PUB-AE-BY-SOC,R0055,Xanomeline_High_Dose_n,INTEGER,2,55,1
PUB-AE-BY-SOC,R0055,Xanomeline_High_Dose_pct,PERCENTAGE,(2.4),55,2
PUB-AE-BY-SOC,R0055,Xanomeline_Low_Dose_n,INTEGER,0,55,1
PUB-AE-BY-SOC,R0055,Xanomeline_Low_Dose_pct,PERCENTAGE,(0.0),55,2
PUB-AE-BY-SOC,R0056,Placebo_n,INTEGER,0,56,1
PUB-AE-BY-SOC,R0056,Placebo_pct,PERCENTAGE,(0.0),56,2
PUB-AE-BY-SOC,R0056,Total_n,INTEGER,2,56,1
PUB-AE-BY-SOC,R0056,Total_pct,PERCENTAGE,(0.8),56,2
PUB-AE-BY-SOC,R0056,Xanomeline_High_Dose_n,INTEGER,2,56,1
PUB-AE-BY-SOC,R0056,Xanomeline_High_Dose_pct,PERCENTAGE,(2.4),56,2
PUB-AE-BY-SOC,R0056,Xanomeline_Low_Dose_n,INTEGER,0,56,1
PUB-AE-BY-SOC,R0056,Xanomeline_Low_Dose_pct,PERCENTAGE,(0.0),56,2
PUB-AE-BY-SOC,R0057,Placebo_n,INTEGER,6,57,1
PUB-AE-BY-SOC,R0057,Placebo_pct,PERCENTAGE,(7.0),57,2
PUB-AE-BY-SOC,R0057,Total_n,INTEGER,50,57,1
PUB-AE-BY-SOC,R0057,Total_pct,PERCENTAGE,(19.7),57,2
PUB-AE-BY-SOC,R0057,Xanomeline_High_Dose_n,INTEGER,22,57,1
PUB-AE-BY-SOC,R0057,Xanomeline_High_Dose_pct,PERCENTAGE,(26.2),57,2
PUB-AE-BY-SOC,R0057,Xanomeline_Low_Dose_n,INTEGER,22,57,1
PUB-AE-BY-SOC,R0057,Xanomeline_Low_Dose_pct,PERCENTAGE,(26.2),57,2
PUB-AE-BY-SOC,R0058,Placebo_n,INTEGER,1,58,1
PUB-AE-BY-SOC,R0058,Placebo_pct,PERCENTAGE,(1.2),58,2
PUB-AE-BY-SOC,R0058,Total_n,INTEGER,2,58,1
PUB-AE-BY-SOC,R0058,Total_pct,PERCENTAGE,(0.8),58,2
PUB-AE-BY-SOC,R0058,Xanomeline_High_Dose_n,INTEGER,1,58,1
PUB-AE-BY-SOC,R0058,Xanomeline_High_Dose_pct,PERCENTAGE,(1.2),58,2
PUB-AE-BY-SOC,R0058,Xanomeline_Low_Dose_n,INTEGER,0,58,1
PUB-AE-BY-SOC,R0058,Xanomeline_Low_Dose_pct,PERCENTAGE,(0.0),58,2
PUB-AE-BY-SOC,R0059,Placebo_n,INTEGER,0,59,1
PUB-AE-BY-SOC,R0059,Placebo_pct,PERCENTAGE,(0.0),59,2
PUB-AE-BY-SOC,R0059,Total_n,INTEGER,3,59,1
PUB-AE-BY-SOC,R0059,Total_pct,PERCENTAGE,(1.2),59,2
PUB-AE-BY-SOC,R0059,Xanomeline_High_Dose_n,INTEGER,2,59,1
PUB-AE-BY-SOC,R0059,Xanomeline_High_Dose_pct,PERCENTAGE,(2.4),59,2
PUB-AE-BY-SOC,R0059,Xanomeline_Low_Dose_n,INTEGER,1,59,1
PUB-AE-BY-SOC,R0059,Xanomeline_Low_Dose_pct,PERCENTAGE,(1.2),59,2
PUB-AE-BY-SOC,R0060,Placebo_n,INTEGER,0,60,1
PUB-AE-BY-SOC,R0060,Placebo_pct,PERCENTAGE,(0.0),60,2
PUB-AE-BY-SOC,R0060,Total_n,INTEGER,3,60,1
PUB-AE-BY-SOC,R0060,Total_pct,PERCENTAGE,(1.2),60,2
PUB-AE-BY-SOC,R0060,Xanomeline_High_Dose_n,INTEGER,1,60,1
PUB-AE-BY-SOC,R0060,Xanomeline_High_Dose_pct,PERCENTAGE,(1.2),60,2
PUB-AE-BY-SOC,R0060,Xanomeline_Low_Dose_n,INTEGER,2,60,1
PUB-AE-BY-SOC,R0060,Xanomeline_Low_Dose_pct,PERCENTAGE,(2.4),60,2
PUB-AE-BY-SOC,R0061,Placebo_n,INTEGER,1,61,1
PUB-AE-BY-SOC,R0061,Placebo_pct,PERCENTAGE,(1.2),61,2
PUB-AE-BY-SOC,R0061,Total_n,INTEGER,11,61,1
PUB-AE-BY-SOC,R0061,Total_pct,PERCENTAGE,(4.3),61,2
PUB-AE-BY-SOC,R0061,Xanomeline_High_Dose_n,INTEGER,6,61,1
PUB-AE-BY-SOC,R0061,Xanomeline_High_Dose_pct,PERCENTAGE,(7.1),61,2
PUB-AE-BY-SOC,R0061,Xanomeline_Low_Dose_n,INTEGER,4,61,1
PUB-AE-BY-SOC,R0061,Xanomeline_Low_Dose_pct,PERCENTAGE,(4.8),61,2
PUB-AE-BY-SOC,R0062,Placebo_n,INTEGER,0,62,1
PUB-AE-BY-SOC,R0062,Placebo_pct,PERCENTAGE,(0.0),62,2
PUB-AE-BY-SOC,R0062,Total_n,INTEGER,1,62,1
PUB-AE-BY-SOC,R0062,Total_pct,PERCENTAGE,(0.4),62,2
PUB-AE-BY-SOC,R0062,Xanomeline_High_Dose_n,INTEGER,0,62,1
PUB-AE-BY-SOC,R0062,Xanomeline_High_Dose_pct,PERCENTAGE,(0.0),62,2
PUB-AE-BY-SOC,R0062,Xanomeline_Low_Dose_n,INTEGER,1,62,1
PUB-AE-BY-SOC,R0062,Xanomeline_Low_Dose_pct,PERCENTAGE,(1.2),62,2
PUB-AE-BY-SOC,R0063,Placebo_n,INTEGER,1,63,1
PUB-AE-BY-SOC,R0063,Placebo_pct,PERCENTAGE,(1.2),63,2
PUB-AE-BY-SOC,R0063,Total_n,INTEGER,2,63,1
PUB-AE-BY-SOC,R0063,Total_pct,PERCENTAGE,(0.8),63,2
PUB-AE-BY-SOC,R0063,Xanomeline_High_Dose_n,INTEGER,1,63,1
PUB-AE-BY-SOC,R0063,Xanomeline_High_Dose_pct,PERCENTAGE,(1.2),63,2
PUB-AE-BY-SOC,R0063,Xanomeline_Low_Dose_n,INTEGER,0,63,1
PUB-AE-BY-SOC,R0063,Xanomeline_Low_Dose_pct,PERCENTAGE,(0.0),63,2
PUB-AE-BY-SOC,R0064,Placebo_n,INTEGER,0,64,1
PUB-AE-BY-SOC,R0064,Placebo_pct,PERCENTAGE,(0.0),64,2
PUB-AE-BY-SOC,R0064,Total_n,INTEGER,2,64,1
PUB-AE-BY-SOC,R0064,Total_pct,PERCENTAGE,(0.8),64,2
PUB-AE-BY-SOC,R0064,Xanomeline_High_Dose_n,INTEGER,2,64,1
PUB-AE-BY-SOC,R0064,Xanomeline_High_Dose_pct,PERCENTAGE,(2.4),64,2
PUB-AE-BY-SOC,R0064,Xanomeline_Low_Dose_n,INTEGER,0,64,1
PUB-AE-BY-SOC,R0064,Xanomeline_Low_Dose_pct,PERCENTAGE,(0.0),64,2
PUB-AE-BY-SOC,R0065,Placebo_n,INTEGER,0,65,1
PUB-AE-BY-SOC,R0065,Placebo_pct,PERCENTAGE,(0.0),65,2
PUB-AE-BY-SOC,R0065,Total_n,INTEGER,2,65,1
PUB-AE-BY-SOC,R0065,Total_pct,PERCENTAGE,(0.8),65,2
PUB-AE-BY-SOC,R0065,Xanomeline_High_Dose_n,INTEGER,2,65,1
PUB-AE-BY-SOC,R0065,Xanomeline_High_Dose_pct,PERCENTAGE,(2.4),65,2
PUB-AE-BY-SOC,R0065,Xanomeline_Low_Dose_n,INTEGER,0,65,1
PUB-AE-BY-SOC,R0065,Xanomeline_Low_Dose_pct,PERCENTAGE,(0.0),65,2
PUB-AE-BY-SOC,R0066,Placebo_n,INTEGER,1,66,1
PUB-AE-BY-SOC,R0066,Placebo_pct,PERCENTAGE,(1.2),66,2
PUB-AE-BY-SOC,R0066,Total_n,INTEGER,3,66,1
PUB-AE-BY-SOC,R0066,Total_pct,PERCENTAGE,(1.2),66,2
PUB-AE-BY-SOC,R0066,Xanomeline_High_Dose_n,INTEGER,1,66,1
PUB-AE-BY-SOC,R0066,Xanomeline_High_Dose_pct,PERCENTAGE,(1.2),66,2
PUB-AE-BY-SOC,R0066,Xanomeline_Low_Dose_n,INTEGER,1,66,1
PUB-AE-BY-SOC,R0066,Xanomeline_Low_Dose_pct,PERCENTAGE,(1.2),66,2
PUB-AE-BY-SOC,R0067,Placebo_n,INTEGER,1,67,1
PUB-AE-BY-SOC,R0067,Placebo_pct,PERCENTAGE,(1.2),67,2
PUB-AE-BY-SOC,R0067,Total_n,INTEGER,11,67,1
PUB-AE-BY-SOC,R0067,Total_pct,PERCENTAGE,(4.3),67,2
PUB-AE-BY-SOC,R0067,Xanomeline_High_Dose_n,INTEGER,5,67,1
PUB-AE-BY-SOC,R0067,Xanomeline_High_Dose_pct,PERCENTAGE,(6.0),67,2
PUB-AE-BY-SOC,R0067,Xanomeline_Low_Dose_n,INTEGER,5,67,1
PUB-AE-BY-SOC,R0067,Xanomeline_Low_Dose_pct,PERCENTAGE,(6.0),67,2
PUB-AE-BY-SOC,R0068,Placebo_n,INTEGER,0,68,1
PUB-AE-BY-SOC,R0068,Placebo_pct,PERCENTAGE,(0.0),68,2
PUB-AE-BY-SOC,R0068,Total_n,INTEGER,1,68,1
PUB-AE-BY-SOC,R0068,Total_pct,PERCENTAGE,(0.4),68,2
PUB-AE-BY-SOC,R0068,Xanomeline_High_Dose_n,INTEGER,1,68,1
PUB-AE-BY-SOC,R0068,Xanomeline_High_Dose_pct,PERCENTAGE,(1.2),68,2
PUB-AE-BY-SOC,R0068,Xanomeline_Low_Dose_n,INTEGER,0,68,1
PUB-AE-BY-SOC,R0068,Xanomeline_Low_Dose_pct,PERCENTAGE,(0.0),68,2
PUB-AE-BY-SOC,R0069,Placebo_n,INTEGER,0,69,1
PUB-AE-BY-SOC,R0069,Placebo_pct,PERCENTAGE,(0.0),69,2
PUB-AE-BY-SOC,R0069,Total_n,INTEGER,1,69,1
PUB-AE-BY-SOC,R0069,Total_pct,PERCENTAGE,(0.4),69,2
PUB-AE-BY-SOC,R0069,Xanomeline_High_Dose_n,INTEGER,1,69,1
PUB-AE-BY-SOC,R0069,Xanomeline_High_Dose_pct,PERCENTAGE,(1.2),69,2
PUB-AE-BY-SOC,R0069,Xanomeline_Low_Dose_n,INTEGER,0,69,1
PUB-AE-BY-SOC,R0069,Xanomeline_Low_Dose_pct,PERCENTAGE,(0.0),69,2
PUB-AE-BY-SOC,R0070,Placebo_n,INTEGER,0,70,1
PUB-AE-BY-SOC,R0070,Placebo_pct,PERCENTAGE,(0.0),70,2
PUB-AE-BY-SOC,R0070,Total_n,INTEGER,1,70,1
PUB-AE-BY-SOC,R0070,Total_pct,PERCENTAGE,(0.4),70,2
PUB-AE-BY-SOC,R0070,Xanomeline_High_Dose_n,INTEGER,0,70,1
PUB-AE-BY-SOC,R0070,Xanomeline_High_Dose_pct,PERCENTAGE,(0.0),70,2
PUB-AE-BY-SOC,R0070,Xanomeline_Low_Dose_n,INTEGER,1,70,1
PUB-AE-BY-SOC,R0070,Xanomeline_Low_Dose_pct,PERCENTAGE,(1.2),70,2
PUB-AE-BY-SOC,R0071,Placebo_n,INTEGER,0,71,1
PUB-AE-BY-SOC,R0071,Placebo_pct,PERCENTAGE,(0.0),71,2
PUB-AE-BY-SOC,R0071,Total_n,INTEGER,3,71,1
PUB-AE-BY-SOC,R0071,Total_pct,PERCENTAGE,(1.2),71,2
PUB-AE-BY-SOC,R0071,Xanomeline_High_Dose_n,INTEGER,2,71,1
PUB-AE-BY-SOC,R0071,Xanomeline_High_Dose_pct,PERCENTAGE,(2.4),71,2
PUB-AE-BY-SOC,R0071,Xanomeline_Low_Dose_n,INTEGER,1,71,1
PUB-AE-BY-SOC,R0071,Xanomeline_Low_Dose_pct,PERCENTAGE,(1.2),71,2
PUB-AE-BY-SOC,R0072,Placebo_n,INTEGER,0,72,1
PUB-AE-BY-SOC,R0072,Placebo_pct,PERCENTAGE,(0.0),72,2
PUB-AE-BY-SOC,R0072,Total_n,INTEGER,2,72,1
PUB-AE-BY-SOC,R0072,Total_pct,PERCENTAGE,(0.8),72,2
PUB-AE-BY-SOC,R0072,Xanomeline_High_Dose_n,INTEGER,0,72,1
PUB-AE-BY-SOC,R0072,Xanomeline_High_Dose_pct,PERCENTAGE,(0.0),72,2
PUB-AE-BY-SOC,R0072,Xanomeline_Low_Dose_n,INTEGER,2,72,1
PUB-AE-BY-SOC,R0072,Xanomeline_Low_Dose_pct,PERCENTAGE,(2.4),72,2
PUB-AE-BY-SOC,R0073,Placebo_n,INTEGER,2,73,1
PUB-AE-BY-SOC,R0073,Placebo_pct,PERCENTAGE,(2.3),73,2
PUB-AE-BY-SOC,R0073,Total_n,INTEGER,5,73,1
PUB-AE-BY-SOC,R0073,Total_pct,PERCENTAGE,(2.0),73,2
PUB-AE-BY-SOC,R0073,Xanomeline_High_Dose_n,INTEGER,2,73,1
PUB-AE-BY-SOC,R0073,Xanomeline_High_Dose_pct,PERCENTAGE,(2.4),73,2
PUB-AE-BY-SOC,R0073,Xanomeline_Low_Dose_n,INTEGER,1,73,1
PUB-AE-BY-SOC,R0073,Xanomeline_Low_Dose_pct,PERCENTAGE,(1.2),73,2
PUB-AE-BY-SOC,R0074,Placebo_n,INTEGER,0,74,1
PUB-AE-BY-SOC,R0074,Placebo_pct,PERCENTAGE,(0.0),74,2
PUB-AE-BY-SOC,R0074,Total_n,INTEGER,2,74,1
PUB-AE-BY-SOC,R0074,Total_pct,PERCENTAGE,(0.8),74,2
PUB-AE-BY-SOC,R0074,Xanomeline_High_Dose_n,INTEGER,1,74,1
PUB-AE-BY-SOC,R0074,Xanomeline_High_Dose_pct,PERCENTAGE,(1.2),74,2
PUB-AE-BY-SOC,R0074,Xanomeline_Low_Dose_n,INTEGER,1,74,1
PUB-AE-BY-SOC,R0074,Xanomeline_Low_Dose_pct,PERCENTAGE,(1.2),74,2
PUB-AE-BY-SOC,R0075,Placebo_n,INTEGER,2,75,1
PUB-AE-BY-SOC,R0075,Placebo_pct,PERCENTAGE,(2.3),75,2
PUB-AE-BY-SOC,R0075,Total_n,INTEGER,3,75,1
PUB-AE-BY-SOC,R0075,Total_pct,PERCENTAGE,(1.2),75,2
PUB-AE-BY-SOC,R0075,Xanomeline_High_Dose_n,INTEGER,1,75,1
PUB-AE-BY-SOC,R0075,Xanomeline_High_Dose_pct,PERCENTAGE,(1.2),75,2
PUB-AE-BY-SOC,R0075,Xanomeline_Low_Dose_n,INTEGER,0,75,1
PUB-AE-BY-SOC,R0075,Xanomeline_Low_Dose_pct,PERCENTAGE,(0.0),75,2
PUB-AE-BY-SOC,R0076,Placebo_n,INTEGER,0,76,1
PUB-AE-BY-SOC,R0076,Placebo_pct,PERCENTAGE,(0.0),76,2
PUB-AE-BY-SOC,R0076,Total_n,INTEGER,1,76,1
PUB-AE-BY-SOC,R0076,Total_pct,PERCENTAGE,(0.4),76,2
PUB-AE-BY-SOC,R0076,Xanomeline_High_Dose_n,INTEGER,0,76,1
PUB-AE-BY-SOC,R0076,Xanomeline_High_Dose_pct,PERCENTAGE,(0.0),76,2
PUB-AE-BY-SOC,R0076,Xanomeline_Low_Dose_n,INTEGER,1,76,1
PUB-AE-BY-SOC,R0076,Xanomeline_Low_Dose_pct,PERCENTAGE,(1.2),76,2
PUB-AE-BY-SOC,R0077,Placebo_n,INTEGER,0,77,1
PUB-AE-BY-SOC,R0077,Placebo_pct,PERCENTAGE,(0.0),77,2
PUB-AE-BY-SOC,R0077,Total_n,INTEGER,1,77,1
PUB-AE-BY-SOC,R0077,Total_pct,PERCENTAGE,(0.4),77,2
PUB-AE-BY-SOC,R0077,Xanomeline_High_Dose_n,INTEGER,0,77,1
PUB-AE-BY-SOC,R0077,Xanomeline_High_Dose_pct,PERCENTAGE,(0.0),77,2
PUB-AE-BY-SOC,R0077,Xanomeline_Low_Dose_n,INTEGER,1,77,1
PUB-AE-BY-SOC,R0077,Xanomeline_Low_Dose_pct,PERCENTAGE,(1.2),77,2
PUB-AE-BY-SOC,R0078,Placebo_n,INTEGER,0,78,1
PUB-AE-BY-SOC,R0078,Placebo_pct,PERCENTAGE,(0.0),78,2
PUB-AE-BY-SOC,R0078,Total_n,INTEGER,1,78,1
PUB-AE-BY-SOC,R0078,Total_pct,PERCENTAGE,(0.4),78,2
PUB-AE-BY-SOC,R0078,Xanomeline_High_Dose_n,INTEGER,0,78,1
PUB-AE-BY-SOC,R0078,Xanomeline_High_Dose_pct,PERCENTAGE,(0.0),78,2
PUB-AE-BY-SOC,R0078,Xanomeline_Low_Dose_n,INTEGER,1,78,1
PUB-AE-BY-SOC,R0078,Xanomeline_Low_Dose_pct,PERCENTAGE,(1.2),78,2
PUB-AE-BY-SOC,R0079,Placebo_n,INTEGER,0,79,1
PUB-AE-BY-SOC,R0079,Placebo_pct,PERCENTAGE,(0.0),79,2
PUB-AE-BY-SOC,R0079,Total_n,INTEGER,1,79,1
PUB-AE-BY-SOC,R0079,Total_pct,PERCENTAGE,(0.4),79,2
PUB-AE-BY-SOC,R0079,Xanomeline_High_Dose_n,INTEGER,0,79,1
PUB-AE-BY-SOC,R0079,Xanomeline_High_Dose_pct,PERCENTAGE,(0.0),79,2
PUB-AE-BY-SOC,R0079,Xanomeline_Low_Dose_n,INTEGER,1,79,1
PUB-AE-BY-SOC,R0079,Xanomeline_Low_Dose_pct,PERCENTAGE,(1.2),79,2
PUB-AE-BY-SOC,R0080,Placebo_n,INTEGER,1,80,1
PUB-AE-BY-SOC,R0080,Placebo_pct,PERCENTAGE,(1.2),80,2
PUB-AE-BY-SOC,R0080,Total_n,INTEGER,1,80,1
PUB-AE-BY-SOC,R0080,Total_pct,PERCENTAGE,(0.4),80,2
PUB-AE-BY-SOC,R0080,Xanomeline_High_Dose_n,INTEGER,0,80,1
PUB-AE-BY-SOC,R0080,Xanomeline_High_Dose_pct,PERCENTAGE,(0.0),80,2
PUB-AE-BY-SOC,R0080,Xanomeline_Low_Dose_n,INTEGER,0,80,1
PUB-AE-BY-SOC,R0080,Xanomeline_Low_Dose_pct,PERCENTAGE,(0.0),80,2
PUB-AE-BY-SOC,R0081,Placebo_n,INTEGER,0,81,1
PUB-AE-BY-SOC,R0081,Placebo_pct,PERCENTAGE,(0.0),81,2
PUB-AE-BY-SOC,R0081,Total_n,INTEGER,1,81,1
PUB-AE-BY-SOC,R0081,Total_pct,PERCENTAGE,(0.4),81,2
PUB-AE-BY-SOC,R0081,Xanomeline_High_Dose_n,INTEGER,0,81,1
PUB-AE-BY-SOC,R0081,Xanomeline_High_Dose_pct,PERCENTAGE,(0.0),81,2
PUB-AE-BY-SOC,R0081,Xanomeline_Low_Dose_n,INTEGER,1,81,1
PUB-AE-BY-SOC,R0081,Xanomeline_Low_Dose_pct,PERCENTAGE,(1.2),81,2
PUB-AE-BY-SOC,R0082,Placebo_n,INTEGER,1,82,1
PUB-AE-BY-SOC,R0082,Placebo_pct,PERCENTAGE,(1.2),82,2
PUB-AE-BY-SOC,R0082,Total_n,INTEGER,1,82,1
PUB-AE-BY-SOC,R0082,Total_pct,PERCENTAGE,(0.4),82,2
PUB-AE-BY-SOC,R0082,Xanomeline_High_Dose_n,INTEGER,0,82,1
PUB-AE-BY-SOC,R0082,Xanomeline_High_Dose_pct,PERCENTAGE,(0.0),82,2
PUB-AE-BY-SOC,R0082,Xanomeline_Low_Dose_n,INTEGER,0,82,1
PUB-AE-BY-SOC,R0082,Xanomeline_Low_Dose_pct,PERCENTAGE,(0.0),82,2
PUB-AE-BY-SOC,R0083,Placebo_n,INTEGER,0,83,1
PUB-AE-BY-SOC,R0083,Placebo_pct,PERCENTAGE,(0.0),83,2
PUB-AE-BY-SOC,R0083,Total_n,INTEGER,1,83,1
PUB-AE-BY-SOC,R0083,Total_pct,PERCENTAGE,(0.4),83,2
PUB-AE-BY-SOC,R0083,Xanomeline_High_Dose_n,INTEGER,0,83,1
PUB-AE-BY-SOC,R0083,Xanomeline_High_Dose_pct,PERCENTAGE,(0.0),83,2
PUB-AE-BY-SOC,R0083,Xanomeline_Low_Dose_n,INTEGER,1,83,1
PUB-AE-BY-SOC,R0083,Xanomeline_Low_Dose_pct,PERCENTAGE,(1.2),83,2
PUB-AE-BY-SOC,R0084,Placebo_n,INTEGER,1,84,1
PUB-AE-BY-SOC,R0084,Placebo_pct,PERCENTAGE,(1.2),84,2
PUB-AE-BY-SOC,R0084,Total_n,INTEGER,1,84,1
PUB-AE-BY-SOC,R0084,Total_pct,PERCENTAGE,(0.4),84,2
PUB-AE-BY-SOC,R0084,Xanomeline_High_Dose_n,INTEGER,0,84,1
PUB-AE-BY-SOC,R0084,Xanomeline_High_Dose_pct,PERCENTAGE,(0.0),84,2
PUB-AE-BY-SOC,R0084,Xanomeline_Low_Dose_n,INTEGER,0,84,1
PUB-AE-BY-SOC,R0084,Xanomeline_Low_Dose_pct,PERCENTAGE,(0.0),84,2
PUB-AE-BY-SOC,R0085,Placebo_n,INTEGER,1,85,1
PUB-AE-BY-SOC,R0085,Placebo_pct,PERCENTAGE,(1.2),85,2
PUB-AE-BY-SOC,R0085,Total_n,INTEGER,2,85,1
PUB-AE-BY-SOC,R0085,Total_pct,PERCENTAGE,(0.8),85,2
PUB-AE-BY-SOC,R0085,Xanomeline_High_Dose_n,INTEGER,1,85,1
PUB-AE-BY-SOC,R0085,Xanomeline_High_Dose_pct,PERCENTAGE,(1.2),85,2
PUB-AE-BY-SOC,R0085,Xanomeline_Low_Dose_n,INTEGER,0,85,1
PUB-AE-BY-SOC,R0085,Xanomeline_Low_Dose_pct,PERCENTAGE,(0.0),85,2
PUB-AE-BY-SOC,R0086,Placebo_n,INTEGER,2,86,1
PUB-AE-BY-SOC,R0086,Placebo_pct,PERCENTAGE,(2.3),86,2
PUB-AE-BY-SOC,R0086,Total_n,INTEGER,2,86,1
PUB-AE-BY-SOC,R0086,Total_pct,PERCENTAGE,(0.8),86,2
PUB-AE-BY-SOC,R0086,Xanomeline_High_Dose_n,INTEGER,0,86,1
PUB-AE-BY-SOC,R0086,Xanomeline_High_Dose_pct,PERCENTAGE,(0.0),86,2
PUB-AE-BY-SOC,R0086,Xanomeline_Low_Dose_n,INTEGER,0,86,1
PUB-AE-BY-SOC,R0086,Xanomeline_Low_Dose_pct,PERCENTAGE,(0.0),86,2
PUB-AE-BY-SOC,R0087,Placebo_n,INTEGER,1,87,1
PUB-AE-BY-SOC,R0087,Placebo_pct,PERCENTAGE,(1.2),87,2
PUB-AE-BY-SOC,R0087,Total_n,INTEGER,1,87,1
PUB-AE-BY-SOC,R0087,Total_pct,PERCENTAGE,(0.4),87,2
PUB-AE-BY-SOC,R0087,Xanomeline_High_Dose_n,INTEGER,0,87,1
PUB-AE-BY-SOC,R0087,Xanomeline_High_Dose_pct,PERCENTAGE,(0.0),87,2
PUB-AE-BY-SOC,R0087,Xanomeline_Low_Dose_n,INTEGER,0,87,1
PUB-AE-BY-SOC,R0087,Xanomeline_Low_Dose_pct,PERCENTAGE,(0.0),87,2
PUB-AE-BY-SOC,R0088,Placebo_n,INTEGER,0,88,1
PUB-AE-BY-SOC,R0088,Placebo_pct,PERCENTAGE,(0.0),88,2
PUB-AE-BY-SOC,R0088,Total_n,INTEGER,1,88,1
PUB-AE-BY-SOC,R0088,Total_pct,PERCENTAGE,(0.4),88,2
PUB-AE-BY-SOC,R0088,Xanomeline_High_Dose_n,INTEGER,1,88,1
PUB-AE-BY-SOC,R0088,Xanomeline_High_Dose_pct,PERCENTAGE,(1.2),88,2
PUB-AE-BY-SOC,R0088,Xanomeline_Low_Dose_n,INTEGER,0,88,1
PUB-AE-BY-SOC,R0088,Xanomeline_Low_Dose_pct,PERCENTAGE,(0.0),88,2
PUB-AE-BY-SOC,R0089,Placebo_n,INTEGER,1,89,1
PUB-AE-BY-SOC,R0089,Placebo_pct,PERCENTAGE,(1.2),89,2
PUB-AE-BY-SOC,R0089,Total_n,INTEGER,3,89,1
PUB-AE-BY-SOC,R0089,Total_pct,PERCENTAGE,(1.2),89,2
PUB-AE-BY-SOC,R0089,Xanomeline_High_Dose_n,INTEGER,1,89,1
PUB-AE-BY-SOC,R0089,Xanomeline_High_Dose_pct,PERCENTAGE,(1.2),89,2
PUB-AE-BY-SOC,R0089,Xanomeline_Low_Dose_n,INTEGER,1,89,1
PUB-AE-BY-SOC,R0089,Xanomeline_Low_Dose_pct,PERCENTAGE,(1.2),89,2
PUB-AE-BY-SOC,R0090,Placebo_n,INTEGER,1,90,1
PUB-AE-BY-SOC,R0090,Placebo_pct,PERCENTAGE,(1.2),90,2
PUB-AE-BY-SOC,R0090,Total_n,INTEGER,1,90,1
PUB-AE-BY-SOC,R0090,Total_pct,PERCENTAGE,(0.4),90,2
PUB-AE-BY-SOC,R0090,Xanomeline_High_Dose_n,INTEGER,0,90,1
PUB-AE-BY-SOC,R0090,Xanomeline_High_Dose_pct,PERCENTAGE,(0.0),90,2
PUB-AE-BY-SOC,R0090,Xanomeline_Low_Dose_n,INTEGER,0,90,1
PUB-AE-BY-SOC,R0090,Xanomeline_Low_Dose_pct,PERCENTAGE,(0.0),90,2
PUB-AE-BY-SOC,R0091,Placebo_n,INTEGER,0,91,1
PUB-AE-BY-SOC,R0091,Placebo_pct,PERCENTAGE,(0.0),91,2
PUB-AE-BY-SOC,R0091,Total_n,INTEGER,1,91,1
PUB-AE-BY-SOC,R0091,Total_pct,PERCENTAGE,(0.4),91,2
PUB-AE-BY-SOC,R0091,Xanomeline_High_Dose_n,INTEGER,1,91,1
PUB-AE-BY-SOC,R0091,Xanomeline_High_Dose_pct,PERCENTAGE,(1.2),91,2
PUB-AE-BY-SOC,R0091,Xanomeline_Low_Dose_n,INTEGER,0,91,1
PUB-AE-BY-SOC,R0091,Xanomeline_Low_Dose_pct,PERCENTAGE,(0.0),91,2
PUB-AE-BY-SOC,R0092,Placebo_n,INTEGER,2,92,1
PUB-AE-BY-SOC,R0092,Placebo_pct,PERCENTAGE,(2.3),92,2
PUB-AE-BY-SOC,R0092,Total_n,INTEGER,12,92,1
PUB-AE-BY-SOC,R0092,Total_pct,PERCENTAGE,(4.7),92,2
PUB-AE-BY-SOC,R0092,Xanomeline_High_Dose_n,INTEGER,6,92,1
PUB-AE-BY-SOC,R0092,Xanomeline_High_Dose_pct,PERCENTAGE,(7.1),92,2
PUB-AE-BY-SOC,R0092,Xanomeline_Low_Dose_n,INTEGER,4,92,1
PUB-AE-BY-SOC,R0092,Xanomeline_Low_Dose_pct,PERCENTAGE,(4.8),92,2
PUB-AE-BY-SOC,R0093,Placebo_n,INTEGER,0,93,1
PUB-AE-BY-SOC,R0093,Placebo_pct,PERCENTAGE,(0.0),93,2
PUB-AE-BY-SOC,R0093,Total_n,INTEGER,1,93,1
PUB-AE-BY-SOC,R0093,Total_pct,PERCENTAGE,(0.4),93,2
PUB-AE-BY-SOC,R0093,Xanomeline_High_Dose_n,INTEGER,0,93,1
PUB-AE-BY-SOC,R0093,Xanomeline_High_Dose_pct,PERCENTAGE,(0.0),93,2
PUB-AE-BY-SOC,R0093,Xanomeline_Low_Dose_n,INTEGER,1,93,1
PUB-AE-BY-SOC,R0093,Xanomeline_Low_Dose_pct,PERCENTAGE,(1.2),93,2
PUB-AE-BY-SOC,R0094,Placebo_n,INTEGER,0,94,1
PUB-AE-BY-SOC,R0094,Placebo_pct,PERCENTAGE,(0.0),94,2
PUB-AE-BY-SOC,R0094,Total_n,INTEGER,1,94,1
PUB-AE-BY-SOC,R0094,Total_pct,PERCENTAGE,(0.4),94,2
PUB-AE-BY-SOC,R0094,Xanomeline_High_Dose_n,INTEGER,1,94,1
PUB-AE-BY-SOC,R0094,Xanomeline_High_Dose_pct,PERCENTAGE,(1.2),94,2
PUB-AE-BY-SOC,R0094,Xanomeline_Low_Dose_n,INTEGER,0,94,1
PUB-AE-BY-SOC,R0094,Xanomeline_Low_Dose_pct,PERCENTAGE,(0.0),94,2
PUB-AE-BY-SOC,R0095,Placebo_n,INTEGER,6,95,1
PUB-AE-BY-SOC,R0095,Placebo_pct,PERCENTAGE,(7.0),95,2
PUB-AE-BY-SOC,R0095,Total_n,INTEGER,10,95,1
PUB-AE-BY-SOC,R0095,Total_pct,PERCENTAGE,(3.9),95,2
PUB-AE-BY-SOC,R0095,Xanomeline_High_Dose_n,INTEGER,3,95,1
PUB-AE-BY-SOC,R0095,Xanomeline_High_Dose_pct,PERCENTAGE,(3.6),95,2
PUB-AE-BY-SOC,R0095,Xanomeline_Low_Dose_n,INTEGER,1,95,1
PUB-AE-BY-SOC,R0095,Xanomeline_Low_Dose_pct,PERCENTAGE,(1.2),95,2
PUB-AE-BY-SOC,R0096,Placebo_n,INTEGER,2,96,1
PUB-AE-BY-SOC,R0096,Placebo_pct,PERCENTAGE,(2.3),96,2
PUB-AE-BY-SOC,R0096,Total_n,INTEGER,3,96,1
PUB-AE-BY-SOC,R0096,Total_pct,PERCENTAGE,(1.2),96,2
PUB-AE-BY-SOC,R0096,Xanomeline_High_Dose_n,INTEGER,1,96,1
PUB-AE-BY-SOC,R0096,Xanomeline_High_Dose_pct,PERCENTAGE,(1.2),96,2
PUB-AE-BY-SOC,R0096,Xanomeline_Low_Dose_n,INTEGER,0,96,1
PUB-AE-BY-SOC,R0096,Xanomeline_Low_Dose_pct,PERCENTAGE,(0.0),96,2
PUB-AE-BY-SOC,R0097,Placebo_n,INTEGER,1,97,1
PUB-AE-BY-SOC,R0097,Placebo_pct,PERCENTAGE,(1.2),97,2
PUB-AE-BY-SOC,R0097,Total_n,INTEGER,1,97,1
PUB-AE-BY-SOC,R0097,Total_pct,PERCENTAGE,(0.4),97,2
PUB-AE-BY-SOC,R0097,Xanomeline_High_Dose_n,INTEGER,0,97,1
PUB-AE-BY-SOC,R0097,Xanomeline_High_Dose_pct,PERCENTAGE,(0.0),97,2
PUB-AE-BY-SOC,R0097,Xanomeline_Low_Dose_n,INTEGER,0,97,1
PUB-AE-BY-SOC,R0097,Xanomeline_Low_Dose_pct,PERCENTAGE,(0.0),97,2
PUB-AE-BY-SOC,R0098,Placebo_n,INTEGER,0,98,1
PUB-AE-BY-SOC,R0098,Placebo_pct,PERCENTAGE,(0.0),98,2
PUB-AE-BY-SOC,R0098,Total_n,INTEGER,1,98,1
PUB-AE-BY-SOC,R0098,Total_pct,PERCENTAGE,(0.4),98,2
PUB-AE-BY-SOC,R0098,Xanomeline_High_Dose_n,INTEGER,0,98,1
PUB-AE-BY-SOC,R0098,Xanomeline_High_Dose_pct,PERCENTAGE,(0.0),98,2
PUB-AE-BY-SOC,R0098,Xanomeline_Low_Dose_n,INTEGER,1,98,1
PUB-AE-BY-SOC,R0098,Xanomeline_Low_Dose_pct,PERCENTAGE,(1.2),98,2
PUB-AE-BY-SOC,R0099,Placebo_n,INTEGER,1,99,1
PUB-AE-BY-SOC,R0099,Placebo_pct,PERCENTAGE,(1.2),99,2
PUB-AE-BY-SOC,R0099,Total_n,INTEGER,4,99,1
PUB-AE-BY-SOC,R0099,Total_pct,PERCENTAGE,(1.6),99,2
PUB-AE-BY-SOC,R0099,Xanomeline_High_Dose_n,INTEGER,2,99,1
PUB-AE-BY-SOC,R0099,Xanomeline_High_Dose_pct,PERCENTAGE,(2.4),99,2
PUB-AE-BY-SOC,R0099,Xanomeline_Low_Dose_n,INTEGER,1,99,1
PUB-AE-BY-SOC,R0099,Xanomeline_Low_Dose_pct,PERCENTAGE,(1.2),99,2
PUB-AE-BY-SOC,R0100,Placebo_n,INTEGER,2,100,1
PUB-AE-BY-SOC,R0100,Placebo_pct,PERCENTAGE,(2.3),100,2
PUB-AE-BY-SOC,R0100,Total_n,INTEGER,4,100,1
PUB-AE-BY-SOC,R0100,Total_pct,PERCENTAGE,(1.6),100,2
PUB-AE-BY-SOC,R0100,Xanomeline_High_Dose_n,INTEGER,1,100,1
PUB-AE-BY-SOC,R0100,Xanomeline_High_Dose_pct,PERCENTAGE,(1.2),100,2
PUB-AE-BY-SOC,R0100,Xanomeline_Low_Dose_n,INTEGER,1,100,1
PUB-AE-BY-SOC,R0100,Xanomeline_Low_Dose_pct,PERCENTAGE,(1.2),100,2
PUB-AE-BY-SOC,R0101,Placebo_n,INTEGER,0,101,1
PUB-AE-BY-SOC,R0101,Placebo_pct,PERCENTAGE,(0.0),101,2
PUB-AE-BY-SOC,R0101,Total_n,INTEGER,1,101,1
PUB-AE-BY-SOC,R0101,Total_pct,PERCENTAGE,(0.4),101,2
PUB-AE-BY-SOC,R0101,Xanomeline_High_Dose_n,INTEGER,1,101,1
PUB-AE-BY-SOC,R0101,Xanomeline_High_Dose_pct,PERCENTAGE,(1.2),101,2
PUB-AE-BY-SOC,R0101,Xanomeline_Low_Dose_n,INTEGER,0,101,1
PUB-AE-BY-SOC,R0101,Xanomeline_Low_Dose_pct,PERCENTAGE,(0.0),101,2
PUB-AE-BY-SOC,R0102,Placebo_n,INTEGER,1,102,1
PUB-AE-BY-SOC,R0102,Placebo_pct,PERCENTAGE,(1.2),102,2
PUB-AE-BY-SOC,R0102,Total_n,INTEGER,4,102,1
PUB-AE-BY-SOC,R0102,Total_pct,PERCENTAGE,(1.6),102,2
PUB-AE-BY-SOC,R0102,Xanomeline_High_Dose_n,INTEGER,1,102,1
PUB-AE-BY-SOC,R0102,Xanomeline_High_Dose_pct,PERCENTAGE,(1.2),102,2
PUB-AE-BY-SOC,R0102,Xanomeline_Low_Dose_n,INTEGER,2,102,1
PUB-AE-BY-SOC,R0102,Xanomeline_Low_Dose_pct,PERCENTAGE,(2.4),102,2
PUB-AE-BY-SOC,R0103,Placebo_n,INTEGER,1,103,1
PUB-AE-BY-SOC,R0103,Placebo_pct,PERCENTAGE,(1.2),103,2
PUB-AE-BY-SOC,R0103,Total_n,INTEGER,3,103,1
PUB-AE-BY-SOC,R0103,Total_pct,PERCENTAGE,(1.2),103,2
PUB-AE-BY-SOC,R0103,Xanomeline_High_Dose_n,INTEGER,2,103,1
PUB-AE-BY-SOC,R0103,Xanomeline_High_Dose_pct,PERCENTAGE,(2.4),103,2
PUB-AE-BY-SOC,R0103,Xanomeline_Low_Dose_n,INTEGER,0,103,1
PUB-AE-BY-SOC,R0103,Xanomeline_Low_Dose_pct,PERCENTAGE,(0.0),103,2
PUB-AE-BY-SOC,R0104,Placebo_n,INTEGER,0,104,1
PUB-AE-BY-SOC,R0104,Placebo_pct,PERCENTAGE,(0.0),104,2
PUB-AE-BY-SOC,R0104,Total_n,INTEGER,1,104,1
PUB-AE-BY-SOC,R0104,Total_pct,PERCENTAGE,(0.4),104,2
PUB-AE-BY-SOC,R0104,Xanomeline_High_Dose_n,INTEGER,0,104,1
PUB-AE-BY-SOC,R0104,Xanomeline_High_Dose_pct,PERCENTAGE,(0.0),104,2
PUB-AE-BY-SOC,R0104,Xanomeline_Low_Dose_n,INTEGER,1,104,1
PUB-AE-BY-SOC,R0104,Xanomeline_Low_Dose_pct,PERCENTAGE,(1.2),104,2
PUB-AE-BY-SOC,R0105,Placebo_n,INTEGER,1,105,1
PUB-AE-BY-SOC,R0105,Placebo_pct,PERCENTAGE,(1.2),105,2
PUB-AE-BY-SOC,R0105,Total_n,INTEGER,3,105,1
PUB-AE-BY-SOC,R0105,Total_pct,PERCENTAGE,(1.2),105,2
PUB-AE-BY-SOC,R0105,Xanomeline_High_Dose_n,INTEGER,0,105,1
PUB-AE-BY-SOC,R0105,Xanomeline_High_Dose_pct,PERCENTAGE,(0.0),105,2
PUB-AE-BY-SOC,R0105,Xanomeline_Low_Dose_n,INTEGER,2,105,1
PUB-AE-BY-SOC,R0105,Xanomeline_Low_Dose_pct,PERCENTAGE,(2.4),105,2
PUB-AE-BY-SOC,R0106,Placebo_n,INTEGER,0,106,1
PUB-AE-BY-SOC,R0106,Placebo_pct,PERCENTAGE,(0.0),106,2
PUB-AE-BY-SOC,R0106,Total_n,INTEGER,1,106,1
PUB-AE-BY-SOC,R0106,Total_pct,PERCENTAGE,(0.4),106,2
PUB-AE-BY-SOC,R0106,Xanomeline_High_Dose_n,INTEGER,0,106,1
PUB-AE-BY-SOC,R0106,Xanomeline_High_Dose_pct,PERCENTAGE,(0.0),106,2
PUB-AE-BY-SOC,R0106,Xanomeline_Low_Dose_n,INTEGER,1,106,1
PUB-AE-BY-SOC,R0106,Xanomeline_Low_Dose_pct,PERCENTAGE,(1.2),106,2
PUB-AE-BY-SOC,R0107,Placebo_n,INTEGER,0,107,1
PUB-AE-BY-SOC,R0107,Placebo_pct,PERCENTAGE,(0.0),107,2
PUB-AE-BY-SOC,R0107,Total_n,INTEGER,1,107,1
PUB-AE-BY-SOC,R0107,Total_pct,PERCENTAGE,(0.4),107,2
PUB-AE-BY-SOC,R0107,Xanomeline_High_Dose_n,INTEGER,1,107,1
PUB-AE-BY-SOC,R0107,Xanomeline_High_Dose_pct,PERCENTAGE,(1.2),107,2
PUB-AE-BY-SOC,R0107,Xanomeline_Low_Dose_n,INTEGER,0,107,1
PUB-AE-BY-SOC,R0107,Xanomeline_Low_Dose_pct,PERCENTAGE,(0.0),107,2
PUB-AE-BY-SOC,R0108,Placebo_n,INTEGER,0,108,1
PUB-AE-BY-SOC,R0108,Placebo_pct,PERCENTAGE,(0.0),108,2
PUB-AE-BY-SOC,R0108,Total_n,INTEGER,1,108,1
PUB-AE-BY-SOC,R0108,Total_pct,PERCENTAGE,(0.4),108,2
PUB-AE-BY-SOC,R0108,Xanomeline_High_Dose_n,INTEGER,1,108,1
PUB-AE-BY-SOC,R0108,Xanomeline_High_Dose_pct,PERCENTAGE,(1.2),108,2
PUB-AE-BY-SOC,R0108,Xanomeline_Low_Dose_n,INTEGER,0,108,1
PUB-AE-BY-SOC,R0108,Xanomeline_Low_Dose_pct,PERCENTAGE,(0.0),108,2
PUB-AE-BY-SOC,R0109,Placebo_n,INTEGER,1,109,1
PUB-AE-BY-SOC,R0109,Placebo_pct,PERCENTAGE,(1.2),109,2
PUB-AE-BY-SOC,R0109,Total_n,INTEGER,1,109,1
PUB-AE-BY-SOC,R0109,Total_pct,PERCENTAGE,(0.4),109,2
PUB-AE-BY-SOC,R0109,Xanomeline_High_Dose_n,INTEGER,0,109,1
PUB-AE-BY-SOC,R0109,Xanomeline_High_Dose_pct,PERCENTAGE,(0.0),109,2
PUB-AE-BY-SOC,R0109,Xanomeline_Low_Dose_n,INTEGER,0,109,1
PUB-AE-BY-SOC,R0109,Xanomeline_Low_Dose_pct,PERCENTAGE,(0.0),109,2
PUB-AE-BY-SOC,R0110,Placebo_n,INTEGER,0,110,1
PUB-AE-BY-SOC,R0110,Placebo_pct,PERCENTAGE,(0.0),110,2
PUB-AE-BY-SOC,R0110,Total_n,INTEGER,1,110,1
PUB-AE-BY-SOC,R0110,Total_pct,PERCENTAGE,(0.4),110,2
PUB-AE-BY-SOC,R0110,Xanomeline_High_Dose_n,INTEGER,1,110,1
PUB-AE-BY-SOC,R0110,Xanomeline_High_Dose_pct,PERCENTAGE,(1.2),110,2
PUB-AE-BY-SOC,R0110,Xanomeline_Low_Dose_n,INTEGER,0,110,1
PUB-AE-BY-SOC,R0110,Xanomeline_Low_Dose_pct,PERCENTAGE,(0.0),110,2
PUB-AE-BY-SOC,R0111,Placebo_n,INTEGER,1,111,1
PUB-AE-BY-SOC,R0111,Placebo_pct,PERCENTAGE,(1.2),111,2
PUB-AE-BY-SOC,R0111,Total_n,INTEGER,1,111,1
PUB-AE-BY-SOC,R0111,Total_pct,PERCENTAGE,(0.4),111,2
PUB-AE-BY-SOC,R0111,Xanomeline_High_Dose_n,INTEGER,0,111,1
PUB-AE-BY-SOC,R0111,Xanomeline_High_Dose_pct,PERCENTAGE,(0.0),111,2
PUB-AE-BY-SOC,R0111,Xanomeline_Low_Dose_n,INTEGER,0,111,1
PUB-AE-BY-SOC,R0111,Xanomeline_Low_Dose_pct,PERCENTAGE,(0.0),111,2
PUB-AE-BY-SOC,R0112,Placebo_n,INTEGER,0,112,1
PUB-AE-BY-SOC,R0112,Placebo_pct,PERCENTAGE,(0.0),112,2
PUB-AE-BY-SOC,R0112,Total_n,INTEGER,2,112,1
PUB-AE-BY-SOC,R0112,Total_pct,PERCENTAGE,(0.8),112,2
PUB-AE-BY-SOC,R0112,Xanomeline_High_Dose_n,INTEGER,1,112,1
PUB-AE-BY-SOC,R0112,Xanomeline_High_Dose_pct,PERCENTAGE,(1.2),112,2
PUB-AE-BY-SOC,R0112,Xanomeline_Low_Dose_n,INTEGER,1,112,1
PUB-AE-BY-SOC,R0112,Xanomeline_Low_Dose_pct,PERCENTAGE,(1.2),112,2
PUB-AE-BY-SOC,R0113,Placebo_n,INTEGER,1,113,1
PUB-AE-BY-SOC,R0113,Placebo_pct,PERCENTAGE,(1.2),113,2
PUB-AE-BY-SOC,R0113,Total_n,INTEGER,1,113,1
PUB-AE-BY-SOC,R0113,Total_pct,PERCENTAGE,(0.4),113,2
PUB-AE-BY-SOC,R0113,Xanomeline_High_Dose_n,INTEGER,0,113,1
PUB-AE-BY-SOC,R0113,Xanomeline_High_Dose_pct,PERCENTAGE,(0.0),113,2
PUB-AE-BY-SOC,R0113,Xanomeline_Low_Dose_n,INTEGER,0,113,1
PUB-AE-BY-SOC,R0113,Xanomeline_Low_Dose_pct,PERCENTAGE,(0.0),113,2
PUB-AE-BY-SOC,R0114,Placebo_n,INTEGER,0,114,1
PUB-AE-BY-SOC,R0114,Placebo_pct,PERCENTAGE,(0.0),114,2
PUB-AE-BY-SOC,R0114,Total_n,INTEGER,1,114,1
PUB-AE-BY-SOC,R0114,Total_pct,PERCENTAGE,(0.4),114,2
PUB-AE-BY-SOC,R0114,Xanomeline_High_Dose_n,INTEGER,0,114,1
PUB-AE-BY-SOC,R0114,Xanomeline_High_Dose_pct,PERCENTAGE,(0.0),114,2
PUB-AE-BY-SOC,R0114,Xanomeline_Low_Dose_n,INTEGER,1,114,1
PUB-AE-BY-SOC,R0114,Xanomeline_Low_Dose_pct,PERCENTAGE,(1.2),114,2
PUB-AE-BY-SOC,R0115,Placebo_n,INTEGER,1,115,1
PUB-AE-BY-SOC,R0115,Placebo_pct,PERCENTAGE,(1.2),115,2
PUB-AE-BY-SOC,R0115,Total_n,INTEGER,1,115,1
PUB-AE-BY-SOC,R0115,Total_pct,PERCENTAGE,(0.4),115,2
PUB-AE-BY-SOC,R0115,Xanomeline_High_Dose_n,INTEGER,0,115,1
PUB-AE-BY-SOC,R0115,Xanomeline_High_Dose_pct,PERCENTAGE,(0.0),115,2
PUB-AE-BY-SOC,R0115,Xanomeline_Low_Dose_n,INTEGER,0,115,1
PUB-AE-BY-SOC,R0115,Xanomeline_Low_Dose_pct,PERCENTAGE,(0.0),115,2
PUB-AE-BY-SOC,R0116,Placebo_n,INTEGER,4,116,1
PUB-AE-BY-SOC,R0116,Placebo_pct,PERCENTAGE,(4.7),116,2
PUB-AE-BY-SOC,R0116,Total_n,INTEGER,5,116,1
PUB-AE-BY-SOC,R0116,Total_pct,PERCENTAGE,(2.0),116,2
PUB-AE-BY-SOC,R0116,Xanomeline_High_Dose_n,INTEGER,0,116,1
PUB-AE-BY-SOC,R0116,Xanomeline_High_Dose_pct,PERCENTAGE,(0.0),116,2
PUB-AE-BY-SOC,R0116,Xanomeline_Low_Dose_n,INTEGER,1,116,1
PUB-AE-BY-SOC,R0116,Xanomeline_Low_Dose_pct,PERCENTAGE,(1.2),116,2
PUB-AE-BY-SOC,R0117,Placebo_n,INTEGER,1,117,1
PUB-AE-BY-SOC,R0117,Placebo_pct,PERCENTAGE,(1.2),117,2
PUB-AE-BY-SOC,R0117,Total_n,INTEGER,2,117,1
PUB-AE-BY-SOC,R0117,Total_pct,PERCENTAGE,(0.8),117,2
PUB-AE-BY-SOC,R0117,Xanomeline_High_Dose_n,INTEGER,0,117,1
PUB-AE-BY-SOC,R0117,Xanomeline_High_Dose_pct,PERCENTAGE,(0.0),117,2
PUB-AE-BY-SOC,R0117,Xanomeline_Low_Dose_n,INTEGER,1,117,1
PUB-AE-BY-SOC,R0117,Xanomeline_Low_Dose_pct,PERCENTAGE,(1.2),117,2
PUB-AE-BY-SOC,R0118,Placebo_n,INTEGER,2,118,1
PUB-AE-BY-SOC,R0118,Placebo_pct,PERCENTAGE,(2.3),118,2
PUB-AE-BY-SOC,R0118,Total_n,INTEGER,4,118,1
PUB-AE-BY-SOC,R0118,Total_pct,PERCENTAGE,(1.6),118,2
PUB-AE-BY-SOC,R0118,Xanomeline_High_Dose_n,INTEGER,1,118,1
PUB-AE-BY-SOC,R0118,Xanomeline_High_Dose_pct,PERCENTAGE,(1.2),118,2
PUB-AE-BY-SOC,R0118,Xanomeline_Low_Dose_n,INTEGER,1,118,1
PUB-AE-BY-SOC,R0118,Xanomeline_Low_Dose_pct,PERCENTAGE,(1.2),118,2
PUB-AE-BY-SOC,R0119,Placebo_n,INTEGER,1,119,1
PUB-AE-BY-SOC,R0119,Placebo_pct,PERCENTAGE,(1.2),119,2
PUB-AE-BY-SOC,R0119,Total_n,INTEGER,1,119,1
PUB-AE-BY-SOC,R0119,Total_pct,PERCENTAGE,(0.4),119,2
PUB-AE-BY-SOC,R0119,Xanomeline_High_Dose_n,INTEGER,0,119,1
PUB-AE-BY-SOC,R0119,Xanomeline_High_Dose_pct,PERCENTAGE,(0.0),119,2
PUB-AE-BY-SOC,R0119,Xanomeline_Low_Dose_n,INTEGER,0,119,1
PUB-AE-BY-SOC,R0119,Xanomeline_Low_Dose_pct,PERCENTAGE,(0.0),119,2
PUB-AE-BY-SOC,R0120,Placebo_n,INTEGER,1,120,1
PUB-AE-BY-SOC,R0120,Placebo_pct,PERCENTAGE,(1.2),120,2
PUB-AE-BY-SOC,R0120,Total_n,INTEGER,1,120,1
PUB-AE-BY-SOC,R0120,Total_pct,PERCENTAGE,(0.4),120,2
PUB-AE-BY-SOC,R0120,Xanomeline_High_Dose_n,INTEGER,0,120,1
PUB-AE-BY-SOC,R0120,Xanomeline_High_Dose_pct,PERCENTAGE,(0.0),120,2
PUB-AE-BY-SOC,R0120,Xanomeline_Low_Dose_n,INTEGER,0,120,1
PUB-AE-BY-SOC,R0120,Xanomeline_Low_Dose_pct,PERCENTAGE,(0.0),120,2
PUB-AE-BY-SOC,R0121,Placebo_n,INTEGER,0,121,1
PUB-AE-BY-SOC,R0121,Placebo_pct,PERCENTAGE,(0.0),121,2
PUB-AE-BY-SOC,R0121,Total_n,INTEGER,1,121,1
PUB-AE-BY-SOC,R0121,Total_pct,PERCENTAGE,(0.4),121,2
PUB-AE-BY-SOC,R0121,Xanomeline_High_Dose_n,INTEGER,0,121,1
PUB-AE-BY-SOC,R0121,Xanomeline_High_Dose_pct,PERCENTAGE,(0.0),121,2
PUB-AE-BY-SOC,R0121,Xanomeline_Low_Dose_n,INTEGER,1,121,1
PUB-AE-BY-SOC,R0121,Xanomeline_Low_Dose_pct,PERCENTAGE,(1.2),121,2
PUB-AE-BY-SOC,R0122,Placebo_n,INTEGER,0,122,1
PUB-AE-BY-SOC,R0122,Placebo_pct,PERCENTAGE,(0.0),122,2
PUB-AE-BY-SOC,R0122,Total_n,INTEGER,1,122,1
PUB-AE-BY-SOC,R0122,Total_pct,PERCENTAGE,(0.4),122,2
PUB-AE-BY-SOC,R0122,Xanomeline_High_Dose_n,INTEGER,1,122,1
PUB-AE-BY-SOC,R0122,Xanomeline_High_Dose_pct,PERCENTAGE,(1.2),122,2
PUB-AE-BY-SOC,R0122,Xanomeline_Low_Dose_n,INTEGER,0,122,1
PUB-AE-BY-SOC,R0122,Xanomeline_Low_Dose_pct,PERCENTAGE,(0.0),122,2
PUB-AE-BY-SOC,R0123,Placebo_n,INTEGER,1,123,1
PUB-AE-BY-SOC,R0123,Placebo_pct,PERCENTAGE,(1.2),123,2
PUB-AE-BY-SOC,R0123,Total_n,INTEGER,2,123,1
PUB-AE-BY-SOC,R0123,Total_pct,PERCENTAGE,(0.8),123,2
PUB-AE-BY-SOC,R0123,Xanomeline_High_Dose_n,INTEGER,1,123,1
PUB-AE-BY-SOC,R0123,Xanomeline_High_Dose_pct,PERCENTAGE,(1.2),123,2
PUB-AE-BY-SOC,R0123,Xanomeline_Low_Dose_n,INTEGER,0,123,1
PUB-AE-BY-SOC,R0123,Xanomeline_Low_Dose_pct,PERCENTAGE,(0.0),123,2
PUB-AE-BY-SOC,R0124,Placebo_n,INTEGER,1,124,1
PUB-AE-BY-SOC,R0124,Placebo_pct,PERCENTAGE,(1.2),124,2
PUB-AE-BY-SOC,R0124,Total_n,INTEGER,1,124,1
PUB-AE-BY-SOC,R0124,Total_pct,PERCENTAGE,(0.4),124,2
PUB-AE-BY-SOC,R0124,Xanomeline_High_Dose_n,INTEGER,0,124,1
PUB-AE-BY-SOC,R0124,Xanomeline_High_Dose_pct,PERCENTAGE,(0.0),124,2
PUB-AE-BY-SOC,R0124,Xanomeline_Low_Dose_n,INTEGER,0,124,1
PUB-AE-BY-SOC,R0124,Xanomeline_Low_Dose_pct,PERCENTAGE,(0.0),124,2
PUB-AE-BY-SOC,R0125,Placebo_n,INTEGER,1,125,1
PUB-AE-BY-SOC,R0125,Placebo_pct,PERCENTAGE,(1.2),125,2
PUB-AE-BY-SOC,R0125,Total_n,INTEGER,1,125,1
PUB-AE-BY-SOC,R0125,Total_pct,PERCENTAGE,(0.4),125,2
PUB-AE-BY-SOC,R0125,Xanomeline_High_Dose_n,INTEGER,0,125,1
PUB-AE-BY-SOC,R0125,Xanomeline_High_Dose_pct,PERCENTAGE,(0.0),125,2
PUB-AE-BY-SOC,R0125,Xanomeline_Low_Dose_n,INTEGER,0,125,1
PUB-AE-BY-SOC,R0125,Xanomeline_Low_Dose_pct,PERCENTAGE,(0.0),125,2
PUB-AE-BY-SOC,R0126,Placebo_n,INTEGER,1,126,1
PUB-AE-BY-SOC,R0126,Placebo_pct,PERCENTAGE,(1.2),126,2
PUB-AE-BY-SOC,R0126,Total_n,INTEGER,2,126,1
PUB-AE-BY-SOC,R0126,Total_pct,PERCENTAGE,(0.8),126,2
PUB-AE-BY-SOC,R0126,Xanomeline_High_Dose_n,INTEGER,0,126,1
PUB-AE-BY-SOC,R0126,Xanomeline_High_Dose_pct,PERCENTAGE,(0.0),126,2
PUB-AE-BY-SOC,R0126,Xanomeline_Low_Dose_n,INTEGER,1,126,1
PUB-AE-BY-SOC,R0126,Xanomeline_Low_Dose_pct,PERCENTAGE,(1.2),126,2
PUB-AE-BY-SOC,R0127,Placebo_n,INTEGER,1,127,1
PUB-AE-BY-SOC,R0127,Placebo_pct,PERCENTAGE,(1.2),127,2
PUB-AE-BY-SOC,R0127,Total_n,INTEGER,1,127,1
PUB-AE-BY-SOC,R0127,Total_pct,PERCENTAGE,(0.4),127,2
PUB-AE-BY-SOC,R0127,Xanomeline_High_Dose_n,INTEGER,0,127,1
PUB-AE-BY-SOC,R0127,Xanomeline_High_Dose_pct,PERCENTAGE,(0.0),127,2
PUB-AE-BY-SOC,R0127,Xanomeline_Low_Dose_n,INTEGER,0,127,1
PUB-AE-BY-SOC,R0127,Xanomeline_Low_Dose_pct,PERCENTAGE,(0.0),127,2
PUB-AE-BY-SOC,R0128,Placebo_n,INTEGER,1,128,1
PUB-AE-BY-SOC,R0128,Placebo_pct,PERCENTAGE,(1.2),128,2
PUB-AE-BY-SOC,R0128,Total_n,INTEGER,2,128,1
PUB-AE-BY-SOC,R0128,Total_pct,PERCENTAGE,(0.8),128,2
PUB-AE-BY-SOC,R0128,Xanomeline_High_Dose_n,INTEGER,1,128,1
PUB-AE-BY-SOC,R0128,Xanomeline_High_Dose_pct,PERCENTAGE,(1.2),128,2
PUB-AE-BY-SOC,R0128,Xanomeline_Low_Dose_n,INTEGER,0,128,1
PUB-AE-BY-SOC,R0128,Xanomeline_Low_Dose_pct,PERCENTAGE,(0.0),128,2
PUB-AE-BY-SOC,R0129,Placebo_n,INTEGER,1,129,1
PUB-AE-BY-SOC,R0129,Placebo_pct,PERCENTAGE,(1.2),129,2
PUB-AE-BY-SOC,R0129,Total_n,INTEGER,4,129,1
PUB-AE-BY-SOC,R0129,Total_pct,PERCENTAGE,(1.6),129,2
PUB-AE-BY-SOC,R0129,Xanomeline_High_Dose_n,INTEGER,1,129,1
PUB-AE-BY-SOC,R0129,Xanomeline_High_Dose_pct,PERCENTAGE,(1.2),129,2
PUB-AE-BY-SOC,R0129,Xanomeline_Low_Dose_n,INTEGER,2,129,1
PUB-AE-BY-SOC,R0129,Xanomeline_Low_Dose_pct,PERCENTAGE,(2.4),129,2
PUB-AE-BY-SOC,R0130,Placebo_n,INTEGER,0,130,1
PUB-AE-BY-SOC,R0130,Placebo_pct,PERCENTAGE,(0.0),130,2
PUB-AE-BY-SOC,R0130,Total_n,INTEGER,1,130,1
PUB-AE-BY-SOC,R0130,Total_pct,PERCENTAGE,(0.4),130,2
PUB-AE-BY-SOC,R0130,Xanomeline_High_Dose_n,INTEGER,1,130,1
PUB-AE-BY-SOC,R0130,Xanomeline_High_Dose_pct,PERCENTAGE,(1.2),130,2
PUB-AE-BY-SOC,R0130,Xanomeline_Low_Dose_n,INTEGER,0,130,1
PUB-AE-BY-SOC,R0130,Xanomeline_Low_Dose_pct,PERCENTAGE,(0.0),130,2
PUB-AE-BY-SOC,R0131,Placebo_n,INTEGER,1,131,1
PUB-AE-BY-SOC,R0131,Placebo_pct,PERCENTAGE,(1.2),131,2
PUB-AE-BY-SOC,R0131,Total_n,INTEGER,5,131,1
PUB-AE-BY-SOC,R0131,Total_pct,PERCENTAGE,(2.0),131,2
PUB-AE-BY-SOC,R0131,Xanomeline_High_Dose_n,INTEGER,3,131,1
PUB-AE-BY-SOC,R0131,Xanomeline_High_Dose_pct,PERCENTAGE,(3.6),131,2
PUB-AE-BY-SOC,R0131,Xanomeline_Low_Dose_n,INTEGER,1,131,1
PUB-AE-BY-SOC,R0131,Xanomeline_Low_Dose_pct,PERCENTAGE,(1.2),131,2
PUB-AE-BY-SOC,R0132,Placebo_n,INTEGER,0,132,1
PUB-AE-BY-SOC,R0132,Placebo_pct,PERCENTAGE,(0.0),132,2
PUB-AE-BY-SOC,R0132,Total_n,INTEGER,1,132,1
PUB-AE-BY-SOC,R0132,Total_pct,PERCENTAGE,(0.4),132,2
PUB-AE-BY-SOC,R0132,Xanomeline_High_Dose_n,INTEGER,1,132,1
PUB-AE-BY-SOC,R0132,Xanomeline_High_Dose_pct,PERCENTAGE,(1.2),132,2
PUB-AE-BY-SOC,R0132,Xanomeline_Low_Dose_n,INTEGER,0,132,1
PUB-AE-BY-SOC,R0132,Xanomeline_Low_Dose_pct,PERCENTAGE,(0.0),132,2
PUB-AE-BY-SOC,R0133,Placebo_n,INTEGER,0,133,1
PUB-AE-BY-SOC,R0133,Placebo_pct,PERCENTAGE,(0.0),133,2
PUB-AE-BY-SOC,R0133,Total_n,INTEGER,2,133,1
PUB-AE-BY-SOC,R0133,Total_pct,PERCENTAGE,(0.8),133,2
PUB-AE-BY-SOC,R0133,Xanomeline_High_Dose_n,INTEGER,1,133,1
PUB-AE-BY-SOC,R0133,Xanomeline_High_Dose_pct,PERCENTAGE,(1.2),133,2
PUB-AE-BY-SOC,R0133,Xanomeline_Low_Dose_n,INTEGER,1,133,1
PUB-AE-BY-SOC,R0133,Xanomeline_Low_Dose_pct,PERCENTAGE,(1.2),133,2
PUB-AE-BY-SOC,R0134,Placebo_n,INTEGER,0,134,1
PUB-AE-BY-SOC,R0134,Placebo_pct,PERCENTAGE,(0.0),134,2
PUB-AE-BY-SOC,R0134,Total_n,INTEGER,1,134,1
PUB-AE-BY-SOC,R0134,Total_pct,PERCENTAGE,(0.4),134,2
PUB-AE-BY-SOC,R0134,Xanomeline_High_Dose_n,INTEGER,0,134,1
PUB-AE-BY-SOC,R0134,Xanomeline_High_Dose_pct,PERCENTAGE,(0.0),134,2
PUB-AE-BY-SOC,R0134,Xanomeline_Low_Dose_n,INTEGER,1,134,1
PUB-AE-BY-SOC,R0134,Xanomeline_Low_Dose_pct,PERCENTAGE,(1.2),134,2
PUB-AE-BY-SOC,R0135,Placebo_n,INTEGER,0,135,1
PUB-AE-BY-SOC,R0135,Placebo_pct,PERCENTAGE,(0.0),135,2
PUB-AE-BY-SOC,R0135,Total_n,INTEGER,1,135,1
PUB-AE-BY-SOC,R0135,Total_pct,PERCENTAGE,(0.4),135,2
PUB-AE-BY-SOC,R0135,Xanomeline_High_Dose_n,INTEGER,1,135,1
PUB-AE-BY-SOC,R0135,Xanomeline_High_Dose_pct,PERCENTAGE,(1.2),135,2
PUB-AE-BY-SOC,R0135,Xanomeline_Low_Dose_n,INTEGER,0,135,1
PUB-AE-BY-SOC,R0135,Xanomeline_Low_Dose_pct,PERCENTAGE,(0.0),135,2
PUB-AE-BY-SOC,R0136,Placebo_n,INTEGER,1,136,1
PUB-AE-BY-SOC,R0136,Placebo_pct,PERCENTAGE,(1.2),136,2
PUB-AE-BY-SOC,R0136,Total_n,INTEGER,1,136,1
PUB-AE-BY-SOC,R0136,Total_pct,PERCENTAGE,(0.4),136,2
PUB-AE-BY-SOC,R0136,Xanomeline_High_Dose_n,INTEGER,0,136,1
PUB-AE-BY-SOC,R0136,Xanomeline_High_Dose_pct,PERCENTAGE,(0.0),136,2
PUB-AE-BY-SOC,R0136,Xanomeline_Low_Dose_n,INTEGER,0,136,1
PUB-AE-BY-SOC,R0136,Xanomeline_Low_Dose_pct,PERCENTAGE,(0.0),136,2
PUB-AE-BY-SOC,R0137,Placebo_n,INTEGER,1,137,1
PUB-AE-BY-SOC,R0137,Placebo_pct,PERCENTAGE,(1.2),137,2
PUB-AE-BY-SOC,R0137,Total_n,INTEGER,3,137,1
PUB-AE-BY-SOC,R0137,Total_pct,PERCENTAGE,(1.2),137,2
PUB-AE-BY-SOC,R0137,Xanomeline_High_Dose_n,INTEGER,0,137,1
PUB-AE-BY-SOC,R0137,Xanomeline_High_Dose_pct,PERCENTAGE,(0.0),137,2
PUB-AE-BY-SOC,R0137,Xanomeline_Low_Dose_n,INTEGER,2,137,1
PUB-AE-BY-SOC,R0137,Xanomeline_Low_Dose_pct,PERCENTAGE,(2.4),137,2
PUB-AE-BY-SOC,R0138,Placebo_n,INTEGER,0,138,1
PUB-AE-BY-SOC,R0138,Placebo_pct,PERCENTAGE,(0.0),138,2
PUB-AE-BY-SOC,R0138,Total_n,INTEGER,1,138,1
PUB-AE-BY-SOC,R0138,Total_pct,PERCENTAGE,(0.4),138,2
PUB-AE-BY-SOC,R0138,Xanomeline_High_Dose_n,INTEGER,0,138,1
PUB-AE-BY-SOC,R0138,Xanomeline_High_Dose_pct,PERCENTAGE,(0.0),138,2
PUB-AE-BY-SOC,R0138,Xanomeline_Low_Dose_n,INTEGER,1,138,1
PUB-AE-BY-SOC,R0138,Xanomeline_Low_Dose_pct,PERCENTAGE,(1.2),138,2
PUB-AE-BY-SOC,R0139,Placebo_n,INTEGER,0,139,1
PUB-AE-BY-SOC,R0139,Placebo_pct,PERCENTAGE,(0.0),139,2
PUB-AE-BY-SOC,R0139,Total_n,INTEGER,1,139,1
PUB-AE-BY-SOC,R0139,Total_pct,PERCENTAGE,(0.4),139,2
PUB-AE-BY-SOC,R0139,Xanomeline_High_Dose_n,INTEGER,0,139,1
PUB-AE-BY-SOC,R0139,Xanomeline_High_Dose_pct,PERCENTAGE,(0.0),139,2
PUB-AE-BY-SOC,R0139,Xanomeline_Low_Dose_n,INTEGER,1,139,1
PUB-AE-BY-SOC,R0139,Xanomeline_Low_Dose_pct,PERCENTAGE,(1.2),139,2
PUB-AE-BY-SOC,R0140,Placebo_n,INTEGER,0,140,1
PUB-AE-BY-SOC,R0140,Placebo_pct,PERCENTAGE,(0.0),140,2
PUB-AE-BY-SOC,R0140,Total_n,INTEGER,1,140,1
PUB-AE-BY-SOC,R0140,Total_pct,PERCENTAGE,(0.4),140,2
PUB-AE-BY-SOC,R0140,Xanomeline_High_Dose_n,INTEGER,1,140,1
PUB-AE-BY-SOC,R0140,Xanomeline_High_Dose_pct,PERCENTAGE,(1.2),140,2
PUB-AE-BY-SOC,R0140,Xanomeline_Low_Dose_n,INTEGER,0,140,1
PUB-AE-BY-SOC,R0140,Xanomeline_Low_Dose_pct,PERCENTAGE,(0.0),140,2
PUB-AE-BY-SOC,R0141,Placebo_n,INTEGER,0,141,1
PUB-AE-BY-SOC,R0141,Placebo_pct,PERCENTAGE,(0.0),141,2
PUB-AE-BY-SOC,R0141,Total_n,INTEGER,1,141,1
PUB-AE-BY-SOC,R0141,Total_pct,PERCENTAGE,(0.4),141,2
PUB-AE-BY-SOC,R0141,Xanomeline_High_Dose_n,INTEGER,1,141,1
PUB-AE-BY-SOC,R0141,Xanomeline_High_Dose_pct,PERCENTAGE,(1.2),141,2
PUB-AE-BY-SOC,R0141,Xanomeline_Low_Dose_n,INTEGER,0,141,1
PUB-AE-BY-SOC,R0141,Xanomeline_Low_Dose_pct,PERCENTAGE,(0.0),141,2
PUB-AE-BY-SOC,R0142,Placebo_n,INTEGER,0,142,1
PUB-AE-BY-SOC,R0142,Placebo_pct,PERCENTAGE,(0.0),142,2
PUB-AE-BY-SOC,R0142,Total_n,INTEGER,1,142,1
PUB-AE-BY-SOC,R0142,Total_pct,PERCENTAGE,(0.4),142,2
PUB-AE-BY-SOC,R0142,Xanomeline_High_Dose_n,INTEGER,0,142,1
PUB-AE-BY-SOC,R0142,Xanomeline_High_Dose_pct,PERCENTAGE,(0.0),142,2
PUB-AE-BY-SOC,R0142,Xanomeline_Low_Dose_n,INTEGER,1,142,1
PUB-AE-BY-SOC,R0142,Xanomeline_Low_Dose_pct,PERCENTAGE,(1.2),142,2
PUB-AE-BY-SOC,R0143,Placebo_n,INTEGER,0,143,1
PUB-AE-BY-SOC,R0143,Placebo_pct,PERCENTAGE,(0.0),143,2
PUB-AE-BY-SOC,R0143,Total_n,INTEGER,2,143,1
PUB-AE-BY-SOC,R0143,Total_pct,PERCENTAGE,(0.8),143,2
PUB-AE-BY-SOC,R0143,Xanomeline_High_Dose_n,INTEGER,2,143,1
PUB-AE-BY-SOC,R0143,Xanomeline_High_Dose_pct,PERCENTAGE,(2.4),143,2
PUB-AE-BY-SOC,R0143,Xanomeline_Low_Dose_n,INTEGER,0,143,1
PUB-AE-BY-SOC,R0143,Xanomeline_Low_Dose_pct,PERCENTAGE,(0.0),143,2
PUB-AE-BY-SOC,R0144,Placebo_n,INTEGER,0,144,1
PUB-AE-BY-SOC,R0144,Placebo_pct,PERCENTAGE,(0.0),144,2
PUB-AE-BY-SOC,R0144,Total_n,INTEGER,1,144,1
PUB-AE-BY-SOC,R0144,Total_pct,PERCENTAGE,(0.4),144,2
PUB-AE-BY-SOC,R0144,Xanomeline_High_Dose_n,INTEGER,1,144,1
PUB-AE-BY-SOC,R0144,Xanomeline_High_Dose_pct,PERCENTAGE,(1.2),144,2
PUB-AE-BY-SOC,R0144,Xanomeline_Low_Dose_n,INTEGER,0,144,1
PUB-AE-BY-SOC,R0144,Xanomeline_Low_Dose_pct,PERCENTAGE,(0.0),144,2
PUB-AE-BY-SOC,R0145,Placebo_n,INTEGER,0,145,1
PUB-AE-BY-SOC,R0145,Placebo_pct,PERCENTAGE,(0.0),145,2
PUB-AE-BY-SOC,R0145,Total_n,INTEGER,1,145,1
PUB-AE-BY-SOC,R0145,Total_pct,PERCENTAGE,(0.4),145,2
PUB-AE-BY-SOC,R0145,Xanomeline_High_Dose_n,INTEGER,0,145,1
PUB-AE-BY-SOC,R0145,Xanomeline_High_Dose_pct,PERCENTAGE,(0.0),145,2
PUB-AE-BY-SOC,R0145,Xanomeline_Low_Dose_n,INTEGER,1,145,1
PUB-AE-BY-SOC,R0145,Xanomeline_Low_Dose_pct,PERCENTAGE,(1.2),145,2
PUB-AE-BY-SOC,R0146,Placebo_n,INTEGER,0,146,1
PUB-AE-BY-SOC,R0146,Placebo_pct,PERCENTAGE,(0.0),146,2
PUB-AE-BY-SOC,R0146,Total_n,INTEGER,1,146,1
PUB-AE-BY-SOC,R0146,Total_pct,PERCENTAGE,(0.4),146,2
PUB-AE-BY-SOC,R0146,Xanomeline_High_Dose_n,INTEGER,0,146,1
PUB-AE-BY-SOC,R0146,Xanomeline_High_Dose_pct,PERCENTAGE,(0.0),146,2
PUB-AE-BY-SOC,R0146,Xanomeline_Low_Dose_n,INTEGER,1,146,1
PUB-AE-BY-SOC,R0146,Xanomeline_Low_Dose_pct,PERCENTAGE,(1.2),146,2
PUB-AE-BY-SOC,R0147,Placebo_n,INTEGER,2,147,1
PUB-AE-BY-SOC,R0147,Placebo_pct,PERCENTAGE,(2.3),147,2
PUB-AE-BY-SOC,R0147,Total_n,INTEGER,21,147,1
PUB-AE-BY-SOC,R0147,Total_pct,PERCENTAGE,(8.3),147,2
PUB-AE-BY-SOC,R0147,Xanomeline_High_Dose_n,INTEGER,11,147,1
PUB-AE-BY-SOC,R0147,Xanomeline_High_Dose_pct,PERCENTAGE,(13.1),147,2
PUB-AE-BY-SOC,R0147,Xanomeline_Low_Dose_n,INTEGER,8,147,1
PUB-AE-BY-SOC,R0147,Xanomeline_Low_Dose_pct,PERCENTAGE,(9.5),147,2
PUB-AE-BY-SOC,R0148,Placebo_n,INTEGER,3,148,1
PUB-AE-BY-SOC,R0148,Placebo_pct,PERCENTAGE,(3.5),148,2
PUB-AE-BY-SOC,R0148,Total_n,INTEGER,11,148,1
PUB-AE-BY-SOC,R0148,Total_pct,PERCENTAGE,(4.3),148,2
PUB-AE-BY-SOC,R0148,Xanomeline_High_Dose_n,INTEGER,5,148,1
PUB-AE-BY-SOC,R0148,Xanomeline_High_Dose_pct,PERCENTAGE,(6.0),148,2
PUB-AE-BY-SOC,R0148,Xanomeline_Low_Dose_n,INTEGER,3,148,1
PUB-AE-BY-SOC,R0148,Xanomeline_Low_Dose_pct,PERCENTAGE,(3.6),148,2
PUB-AE-BY-SOC,R0149,Placebo_n,INTEGER,0,149,1
PUB-AE-BY-SOC,R0149,Placebo_pct,PERCENTAGE,(0.0),149,2
PUB-AE-BY-SOC,R0149,Total_n,INTEGER,1,149,1
PUB-AE-BY-SOC,R0149,Total_pct,PERCENTAGE,(0.4),149,2
PUB-AE-BY-SOC,R0149,Xanomeline_High_Dose_n,INTEGER,0,149,1
PUB-AE-BY-SOC,R0149,Xanomeline_High_Dose_pct,PERCENTAGE,(0.0),149,2
PUB-AE-BY-SOC,R0149,Xanomeline_Low_Dose_n,INTEGER,1,149,1
PUB-AE-BY-SOC,R0149,Xanomeline_Low_Dose_pct,PERCENTAGE,(1.2),149,2
PUB-AE-BY-SOC,R0150,Placebo_n,INTEGER,0,150,1
PUB-AE-BY-SOC,R0150,Placebo_pct,PERCENTAGE,(0.0),150,2
PUB-AE-BY-SOC,R0150,Total_n,INTEGER,1,150,1
PUB-AE-BY-SOC,R0150,Total_pct,PERCENTAGE,(0.4),150,2
PUB-AE-BY-SOC,R0150,Xanomeline_High_Dose_n,INTEGER,1,150,1
PUB-AE-BY-SOC,R0150,Xanomeline_High_Dose_pct,PERCENTAGE,(1.2),150,2
PUB-AE-BY-SOC,R0150,Xanomeline_Low_Dose_n,INTEGER,0,150,1
PUB-AE-BY-SOC,R0150,Xanomeline_Low_Dose_pct,PERCENTAGE,(0.0),150,2
PUB-AE-BY-SOC,R0151,Placebo_n,INTEGER,0,151,1
PUB-AE-BY-SOC,R0151,Placebo_pct,PERCENTAGE,(0.0),151,2
PUB-AE-BY-SOC,R0151,Total_n,INTEGER,2,151,1
PUB-AE-BY-SOC,R0151,Total_pct,PERCENTAGE,(0.8),151,2
PUB-AE-BY-SOC,R0151,Xanomeline_High_Dose_n,INTEGER,1,151,1
PUB-AE-BY-SOC,R0151,Xanomeline_High_Dose_pct,PERCENTAGE,(1.2),151,2
PUB-AE-BY-SOC,R0151,Xanomeline_Low_Dose_n,INTEGER,1,151,1
PUB-AE-BY-SOC,R0151,Xanomeline_Low_Dose_pct,PERCENTAGE,(1.2),151,2
PUB-AE-BY-SOC,R0152,Placebo_n,INTEGER,0,152,1
PUB-AE-BY-SOC,R0152,Placebo_pct,PERCENTAGE,(0.0),152,2
PUB-AE-BY-SOC,R0152,Total_n,INTEGER,1,152,1
PUB-AE-BY-SOC,R0152,Total_pct,PERCENTAGE,(0.4),152,2
PUB-AE-BY-SOC,R0152,Xanomeline_High_Dose_n,INTEGER,1,152,1
PUB-AE-BY-SOC,R0152,Xanomeline_High_Dose_pct,PERCENTAGE,(1.2),152,2
PUB-AE-BY-SOC,R0152,Xanomeline_Low_Dose_n,INTEGER,0,152,1
PUB-AE-BY-SOC,R0152,Xanomeline_Low_Dose_pct,PERCENTAGE,(0.0),152,2
PUB-AE-BY-SOC,R0153,Placebo_n,INTEGER,0,153,1
PUB-AE-BY-SOC,R0153,Placebo_pct,PERCENTAGE,(0.0),153,2
PUB-AE-BY-SOC,R0153,Total_n,INTEGER,1,153,1
PUB-AE-BY-SOC,R0153,Total_pct,PERCENTAGE,(0.4),153,2
PUB-AE-BY-SOC,R0153,Xanomeline_High_Dose_n,INTEGER,0,153,1
PUB-AE-BY-SOC,R0153,Xanomeline_High_Dose_pct,PERCENTAGE,(0.0),153,2
PUB-AE-BY-SOC,R0153,Xanomeline_Low_Dose_n,INTEGER,1,153,1
PUB-AE-BY-SOC,R0153,Xanomeline_Low_Dose_pct,PERCENTAGE,(1.2),153,2
PUB-AE-BY-SOC,R0154,Placebo_n,INTEGER,1,154,1
PUB-AE-BY-SOC,R0154,Placebo_pct,PERCENTAGE,(1.2),154,2
PUB-AE-BY-SOC,R0154,Total_n,INTEGER,1,154,1
PUB-AE-BY-SOC,R0154,Total_pct,PERCENTAGE,(0.4),154,2
PUB-AE-BY-SOC,R0154,Xanomeline_High_Dose_n,INTEGER,0,154,1
PUB-AE-BY-SOC,R0154,Xanomeline_High_Dose_pct,PERCENTAGE,(0.0),154,2
PUB-AE-BY-SOC,R0154,Xanomeline_Low_Dose_n,INTEGER,0,154,1
PUB-AE-BY-SOC,R0154,Xanomeline_Low_Dose_pct,PERCENTAGE,(0.0),154,2
PUB-AE-BY-SOC,R0155,Placebo_n,INTEGER,0,155,1
PUB-AE-BY-SOC,R0155,Placebo_pct,PERCENTAGE,(0.0),155,2
PUB-AE-BY-SOC,R0155,Total_n,INTEGER,1,155,1
PUB-AE-BY-SOC,R0155,Total_pct,PERCENTAGE,(0.4),155,2
PUB-AE-BY-SOC,R0155,Xanomeline_High_Dose_n,INTEGER,1,155,1
PUB-AE-BY-SOC,R0155,Xanomeline_High_Dose_pct,PERCENTAGE,(1.2),155,2
PUB-AE-BY-SOC,R0155,Xanomeline_Low_Dose_n,INTEGER,0,155,1
PUB-AE-BY-SOC,R0155,Xanomeline_Low_Dose_pct,PERCENTAGE,(0.0),155,2
PUB-AE-BY-SOC,R0156,Placebo_n,INTEGER,0,156,1
PUB-AE-BY-SOC,R0156,Placebo_pct,PERCENTAGE,(0.0),156,2
PUB-AE-BY-SOC,R0156,Total_n,INTEGER,1,156,1
PUB-AE-BY-SOC,R0156,Total_pct,PERCENTAGE,(0.4),156,2
PUB-AE-BY-SOC,R0156,Xanomeline_High_Dose_n,INTEGER,1,156,1
PUB-AE-BY-SOC,R0156,Xanomeline_High_Dose_pct,PERCENTAGE,(1.2),156,2
PUB-AE-BY-SOC,R0156,Xanomeline_Low_Dose_n,INTEGER,0,156,1
PUB-AE-BY-SOC,R0156,Xanomeline_Low_Dose_pct,PERCENTAGE,(0.0),156,2
PUB-AE-BY-SOC,R0157,Placebo_n,INTEGER,1,157,1
PUB-AE-BY-SOC,R0157,Placebo_pct,PERCENTAGE,(1.2),157,2
PUB-AE-BY-SOC,R0157,Total_n,INTEGER,1,157,1
PUB-AE-BY-SOC,R0157,Total_pct,PERCENTAGE,(0.4),157,2
PUB-AE-BY-SOC,R0157,Xanomeline_High_Dose_n,INTEGER,0,157,1
PUB-AE-BY-SOC,R0157,Xanomeline_High_Dose_pct,PERCENTAGE,(0.0),157,2
PUB-AE-BY-SOC,R0157,Xanomeline_Low_Dose_n,INTEGER,0,157,1
PUB-AE-BY-SOC,R0157,Xanomeline_Low_Dose_pct,PERCENTAGE,(0.0),157,2
PUB-AE-BY-SOC,R0158,Placebo_n,INTEGER,2,158,1
PUB-AE-BY-SOC,R0158,Placebo_pct,PERCENTAGE,(2.3),158,2
PUB-AE-BY-SOC,R0158,Total_n,INTEGER,6,158,1
PUB-AE-BY-SOC,R0158,Total_pct,PERCENTAGE,(2.4),158,2
PUB-AE-BY-SOC,R0158,Xanomeline_High_Dose_n,INTEGER,1,158,1
PUB-AE-BY-SOC,R0158,Xanomeline_High_Dose_pct,PERCENTAGE,(1.2),158,2
PUB-AE-BY-SOC,R0158,Xanomeline_Low_Dose_n,INTEGER,3,158,1
PUB-AE-BY-SOC,R0158,Xanomeline_Low_Dose_pct,PERCENTAGE,(3.6),158,2
PUB-AE-BY-SOC,R0159,Placebo_n,INTEGER,0,159,1
PUB-AE-BY-SOC,R0159,Placebo_pct,PERCENTAGE,(0.0),159,2
PUB-AE-BY-SOC,R0159,Total_n,INTEGER,1,159,1
PUB-AE-BY-SOC,R0159,Total_pct,PERCENTAGE,(0.4),159,2
PUB-AE-BY-SOC,R0159,Xanomeline_High_Dose_n,INTEGER,0,159,1
PUB-AE-BY-SOC,R0159,Xanomeline_High_Dose_pct,PERCENTAGE,(0.0),159,2
PUB-AE-BY-SOC,R0159,Xanomeline_Low_Dose_n,INTEGER,1,159,1
PUB-AE-BY-SOC,R0159,Xanomeline_Low_Dose_pct,PERCENTAGE,(1.2),159,2
PUB-AE-BY-SOC,R0160,Placebo_n,INTEGER,0,160,1
PUB-AE-BY-SOC,R0160,Placebo_pct,PERCENTAGE,(0.0),160,2
PUB-AE-BY-SOC,R0160,Total_n,INTEGER,7,160,1
PUB-AE-BY-SOC,R0160,Total_pct,PERCENTAGE,(2.8),160,2
PUB-AE-BY-SOC,R0160,Xanomeline_High_Dose_n,INTEGER,3,160,1
PUB-AE-BY-SOC,R0160,Xanomeline_High_Dose_pct,PERCENTAGE,(3.6),160,2
PUB-AE-BY-SOC,R0160,Xanomeline_Low_Dose_n,INTEGER,4,160,1
PUB-AE-BY-SOC,R0160,Xanomeline_Low_Dose_pct,PERCENTAGE,(4.8),160,2
PUB-AE-BY-SOC,R0161,Placebo_n,INTEGER,0,161,1
PUB-AE-BY-SOC,R0161,Placebo_pct,PERCENTAGE,(0.0),161,2
PUB-AE-BY-SOC,R0161,Total_n,INTEGER,1,161,1
PUB-AE-BY-SOC,R0161,Total_pct,PERCENTAGE,(0.4),161,2
PUB-AE-BY-SOC,R0161,Xanomeline_High_Dose_n,INTEGER,1,161,1
PUB-AE-BY-SOC,R0161,Xanomeline_High_Dose_pct,PERCENTAGE,(1.2),161,2
PUB-AE-BY-SOC,R0161,Xanomeline_Low_Dose_n,INTEGER,0,161,1
PUB-AE-BY-SOC,R0161,Xanomeline_Low_Dose_pct,PERCENTAGE,(0.0),161,2
PUB-AE-BY-SOC,R0162,Placebo_n,INTEGER,0,162,1
PUB-AE-BY-SOC,R0162,Placebo_pct,PERCENTAGE,(0.0),162,2
PUB-AE-BY-SOC,R0162,Total_n,INTEGER,3,162,1
PUB-AE-BY-SOC,R0162,Total_pct,PERCENTAGE,(1.2),162,2
PUB-AE-BY-SOC,R0162,Xanomeline_High_Dose_n,INTEGER,1,162,1
PUB-AE-BY-SOC,R0162,Xanomeline_High_Dose_pct,PERCENTAGE,(1.2),162,2
PUB-AE-BY-SOC,R0162,Xanomeline_Low_Dose_n,INTEGER,2,162,1
PUB-AE-BY-SOC,R0162,Xanomeline_Low_Dose_pct,PERCENTAGE,(2.4),162,2
PUB-AE-BY-SOC,R0163,Placebo_n,INTEGER,2,163,1
PUB-AE-BY-SOC,R0163,Placebo_pct,PERCENTAGE,(2.3),163,2
PUB-AE-BY-SOC,R0163,Total_n,INTEGER,5,163,1
PUB-AE-BY-SOC,R0163,Total_pct,PERCENTAGE,(2.0),163,2
PUB-AE-BY-SOC,R0163,Xanomeline_High_Dose_n,INTEGER,1,163,1
PUB-AE-BY-SOC,R0163,Xanomeline_High_Dose_pct,PERCENTAGE,(1.2),163,2
PUB-AE-BY-SOC,R0163,Xanomeline_Low_Dose_n,INTEGER,2,163,1
PUB-AE-BY-SOC,R0163,Xanomeline_Low_Dose_pct,PERCENTAGE,(2.4),163,2
PUB-AE-BY-SOC,R0164,Placebo_n,INTEGER,0,164,1
PUB-AE-BY-SOC,R0164,Placebo_pct,PERCENTAGE,(0.0),164,2
PUB-AE-BY-SOC,R0164,Total_n,INTEGER,3,164,1
PUB-AE-BY-SOC,R0164,Total_pct,PERCENTAGE,(1.2),164,2
PUB-AE-BY-SOC,R0164,Xanomeline_High_Dose_n,INTEGER,0,164,1
PUB-AE-BY-SOC,R0164,Xanomeline_High_Dose_pct,PERCENTAGE,(0.0),164,2
PUB-AE-BY-SOC,R0164,Xanomeline_Low_Dose_n,INTEGER,3,164,1
PUB-AE-BY-SOC,R0164,Xanomeline_Low_Dose_pct,PERCENTAGE,(3.6),164,2
PUB-AE-BY-SOC,R0165,Placebo_n,INTEGER,1,165,1
PUB-AE-BY-SOC,R0165,Placebo_pct,PERCENTAGE,(1.2),165,2
PUB-AE-BY-SOC,R0165,Total_n,INTEGER,1,165,1
PUB-AE-BY-SOC,R0165,Total_pct,PERCENTAGE,(0.4),165,2
PUB-AE-BY-SOC,R0165,Xanomeline_High_Dose_n,INTEGER,0,165,1
PUB-AE-BY-SOC,R0165,Xanomeline_High_Dose_pct,PERCENTAGE,(0.0),165,2
PUB-AE-BY-SOC,R0165,Xanomeline_Low_Dose_n,INTEGER,0,165,1
PUB-AE-BY-SOC,R0165,Xanomeline_Low_Dose_pct,PERCENTAGE,(0.0),165,2
PUB-AE-BY-SOC,R0166,Placebo_n,INTEGER,2,166,1
PUB-AE-BY-SOC,R0166,Placebo_pct,PERCENTAGE,(2.3),166,2
PUB-AE-BY-SOC,R0166,Total_n,INTEGER,6,166,1
PUB-AE-BY-SOC,R0166,Total_pct,PERCENTAGE,(2.4),166,2
PUB-AE-BY-SOC,R0166,Xanomeline_High_Dose_n,INTEGER,1,166,1
PUB-AE-BY-SOC,R0166,Xanomeline_High_Dose_pct,PERCENTAGE,(1.2),166,2
PUB-AE-BY-SOC,R0166,Xanomeline_Low_Dose_n,INTEGER,3,166,1
PUB-AE-BY-SOC,R0166,Xanomeline_Low_Dose_pct,PERCENTAGE,(3.6),166,2
PUB-AE-BY-SOC,R0167,Placebo_n,INTEGER,0,167,1
PUB-AE-BY-SOC,R0167,Placebo_pct,PERCENTAGE,(0.0),167,2
PUB-AE-BY-SOC,R0167,Total_n,INTEGER,1,167,1
PUB-AE-BY-SOC,R0167,Total_pct,PERCENTAGE,(0.4),167,2
PUB-AE-BY-SOC,R0167,Xanomeline_High_Dose_n,INTEGER,1,167,1
PUB-AE-BY-SOC,R0167,Xanomeline_High_Dose_pct,PERCENTAGE,(1.2),167,2
PUB-AE-BY-SOC,R0167,Xanomeline_Low_Dose_n,INTEGER,0,167,1
PUB-AE-BY-SOC,R0167,Xanomeline_Low_Dose_pct,PERCENTAGE,(0.0),167,2
PUB-AE-BY-SOC,R0168,Placebo_n,INTEGER,1,168,1
PUB-AE-BY-SOC,R0168,Placebo_pct,PERCENTAGE,(1.2),168,2
PUB-AE-BY-SOC,R0168,Total_n,INTEGER,2,168,1
PUB-AE-BY-SOC,R0168,Total_pct,PERCENTAGE,(0.8),168,2
PUB-AE-BY-SOC,R0168,Xanomeline_High_Dose_n,INTEGER,1,168,1
PUB-AE-BY-SOC,R0168,Xanomeline_High_Dose_pct,PERCENTAGE,(1.2),168,2
PUB-AE-BY-SOC,R0168,Xanomeline_Low_Dose_n,INTEGER,0,168,1
PUB-AE-BY-SOC,R0168,Xanomeline_Low_Dose_pct,PERCENTAGE,(0.0),168,2
PUB-AE-BY-SOC,R0169,Placebo_n,INTEGER,0,169,1
PUB-AE-BY-SOC,R0169,Placebo_pct,PERCENTAGE,(0.0),169,2
PUB-AE-BY-SOC,R0169,Total_n,INTEGER,1,169,1
PUB-AE-BY-SOC,R0169,Total_pct,PERCENTAGE,(0.4),169,2
PUB-AE-BY-SOC,R0169,Xanomeline_High_Dose_n,INTEGER,0,169,1
PUB-AE-BY-SOC,R0169,Xanomeline_High_Dose_pct,PERCENTAGE,(0.0),169,2
PUB-AE-BY-SOC,R0169,Xanomeline_Low_Dose_n,INTEGER,1,169,1
PUB-AE-BY-SOC,R0169,Xanomeline_Low_Dose_pct,PERCENTAGE,(1.2),169,2
PUB-AE-BY-SOC,R0170,Placebo_n,INTEGER,1,170,1
PUB-AE-BY-SOC,R0170,Placebo_pct,PERCENTAGE,(1.2),170,2
PUB-AE-BY-SOC,R0170,Total_n,INTEGER,1,170,1
PUB-AE-BY-SOC,R0170,Total_pct,PERCENTAGE,(0.4),170,2
PUB-AE-BY-SOC,R0170,Xanomeline_High_Dose_n,INTEGER,0,170,1
PUB-AE-BY-SOC,R0170,Xanomeline_High_Dose_pct,PERCENTAGE,(0.0),170,2
PUB-AE-BY-SOC,R0170,Xanomeline_Low_Dose_n,INTEGER,0,170,1
PUB-AE-BY-SOC,R0170,Xanomeline_Low_Dose_pct,PERCENTAGE,(0.0),170,2
PUB-AE-BY-SOC,R0171,Placebo_n,INTEGER,0,171,1
PUB-AE-BY-SOC,R0171,Placebo_pct,PERCENTAGE,(0.0),171,2
PUB-AE-BY-SOC,R0171,Total_n,INTEGER,1,171,1
PUB-AE-BY-SOC,R0171,Total_pct,PERCENTAGE,(0.4),171,2
PUB-AE-BY-SOC,R0171,Xanomeline_High_Dose_n,INTEGER,1,171,1
PUB-AE-BY-SOC,R0171,Xanomeline_High_Dose_pct,PERCENTAGE,(1.2),171,2
PUB-AE-BY-SOC,R0171,Xanomeline_Low_Dose_n,INTEGER,0,171,1
PUB-AE-BY-SOC,R0171,Xanomeline_Low_Dose_pct,PERCENTAGE,(0.0),171,2
PUB-AE-BY-SOC,R0172,Placebo_n,INTEGER,0,172,1
PUB-AE-BY-SOC,R0172,Placebo_pct,PERCENTAGE,(0.0),172,2
PUB-AE-BY-SOC,R0172,Total_n,INTEGER,1,172,1
PUB-AE-BY-SOC,R0172,Total_pct,PERCENTAGE,(0.4),172,2
PUB-AE-BY-SOC,R0172,Xanomeline_High_Dose_n,INTEGER,1,172,1
PUB-AE-BY-SOC,R0172,Xanomeline_High_Dose_pct,PERCENTAGE,(1.2),172,2
PUB-AE-BY-SOC,R0172,Xanomeline_Low_Dose_n,INTEGER,0,172,1
PUB-AE-BY-SOC,R0172,Xanomeline_Low_Dose_pct,PERCENTAGE,(0.0),172,2
PUB-AE-BY-SOC,R0173,Placebo_n,INTEGER,2,173,1
PUB-AE-BY-SOC,R0173,Placebo_pct,PERCENTAGE,(2.3),173,2
PUB-AE-BY-SOC,R0173,Total_n,INTEGER,4,173,1
PUB-AE-BY-SOC,R0173,Total_pct,PERCENTAGE,(1.6),173,2
PUB-AE-BY-SOC,R0173,Xanomeline_High_Dose_n,INTEGER,2,173,1
PUB-AE-BY-SOC,R0173,Xanomeline_High_Dose_pct,PERCENTAGE,(2.4),173,2
PUB-AE-BY-SOC,R0173,Xanomeline_Low_Dose_n,INTEGER,0,173,1
PUB-AE-BY-SOC,R0173,Xanomeline_Low_Dose_pct,PERCENTAGE,(0.0),173,2
PUB-AE-BY-SOC,R0174,Placebo_n,INTEGER,1,174,1
PUB-AE-BY-SOC,R0174,Placebo_pct,PERCENTAGE,(1.2),174,2
PUB-AE-BY-SOC,R0174,Total_n,INTEGER,2,174,1
PUB-AE-BY-SOC,R0174,Total_pct,PERCENTAGE,(0.8),174,2
PUB-AE-BY-SOC,R0174,Xanomeline_High_Dose_n,INTEGER,0,174,1
PUB-AE-BY-SOC,R0174,Xanomeline_High_Dose_pct,PERCENTAGE,(0.0),174,2
PUB-AE-BY-SOC,R0174,Xanomeline_Low_Dose_n,INTEGER,1,174,1
PUB-AE-BY-SOC,R0174,Xanomeline_Low_Dose_pct,PERCENTAGE,(1.2),174,2
PUB-AE-BY-SOC,R0175,Placebo_n,INTEGER,0,175,1
PUB-AE-BY-SOC,R0175,Placebo_pct,PERCENTAGE,(0.0),175,2
PUB-AE-BY-SOC,R0175,Total_n,INTEGER,1,175,1
PUB-AE-BY-SOC,R0175,Total_pct,PERCENTAGE,(0.4),175,2
PUB-AE-BY-SOC,R0175,Xanomeline_High_Dose_n,INTEGER,1,175,1
PUB-AE-BY-SOC,R0175,Xanomeline_High_Dose_pct,PERCENTAGE,(1.2),175,2
PUB-AE-BY-SOC,R0175,Xanomeline_Low_Dose_n,INTEGER,0,175,1
PUB-AE-BY-SOC,R0175,Xanomeline_Low_Dose_pct,PERCENTAGE,(0.0),175,2
PUB-AE-BY-SOC,R0176,Placebo_n,INTEGER,0,176,1
PUB-AE-BY-SOC,R0176,Placebo_pct,PERCENTAGE,(0.0),176,2
PUB-AE-BY-SOC,R0176,Total_n,INTEGER,1,176,1
PUB-AE-BY-SOC,R0176,Total_pct,PERCENTAGE,(0.4),176,2
PUB-AE-BY-SOC,R0176,Xanomeline_High_Dose_n,INTEGER,1,176,1
PUB-AE-BY-SOC,R0176,Xanomeline_High_Dose_pct,PERCENTAGE,(1.2),176,2
PUB-AE-BY-SOC,R0176,Xanomeline_Low_Dose_n,INTEGER,0,176,1
PUB-AE-BY-SOC,R0176,Xanomeline_Low_Dose_pct,PERCENTAGE,(0.0),176,2
PUB-AE-BY-SOC,R0177,Placebo_n,INTEGER,0,177,1
PUB-AE-BY-SOC,R0177,Placebo_pct,PERCENTAGE,(0.0),177,2
PUB-AE-BY-SOC,R0177,Total_n,INTEGER,1,177,1
PUB-AE-BY-SOC,R0177,Total_pct,PERCENTAGE,(0.4),177,2
PUB-AE-BY-SOC,R0177,Xanomeline_High_Dose_n,INTEGER,1,177,1
PUB-AE-BY-SOC,R0177,Xanomeline_High_Dose_pct,PERCENTAGE,(1.2),177,2
PUB-AE-BY-SOC,R0177,Xanomeline_Low_Dose_n,INTEGER,0,177,1
PUB-AE-BY-SOC,R0177,Xanomeline_Low_Dose_pct,PERCENTAGE,(0.0),177,2
PUB-AE-BY-SOC,R0178,Placebo_n,INTEGER,0,178,1
PUB-AE-BY-SOC,R0178,Placebo_pct,PERCENTAGE,(0.0),178,2
PUB-AE-BY-SOC,R0178,Total_n,INTEGER,1,178,1
PUB-AE-BY-SOC,R0178,Total_pct,PERCENTAGE,(0.4),178,2
PUB-AE-BY-SOC,R0178,Xanomeline_High_Dose_n,INTEGER,0,178,1
PUB-AE-BY-SOC,R0178,Xanomeline_High_Dose_pct,PERCENTAGE,(0.0),178,2
PUB-AE-BY-SOC,R0178,Xanomeline_Low_Dose_n,INTEGER,1,178,1
PUB-AE-BY-SOC,R0178,Xanomeline_Low_Dose_pct,PERCENTAGE,(1.2),178,2
PUB-AE-BY-SOC,R0179,Placebo_n,INTEGER,0,179,1
PUB-AE-BY-SOC,R0179,Placebo_pct,PERCENTAGE,(0.0),179,2
PUB-AE-BY-SOC,R0179,Total_n,INTEGER,1,179,1
PUB-AE-BY-SOC,R0179,Total_pct,PERCENTAGE,(0.4),179,2
PUB-AE-BY-SOC,R0179,Xanomeline_High_Dose_n,INTEGER,1,179,1
PUB-AE-BY-SOC,R0179,Xanomeline_High_Dose_pct,PERCENTAGE,(1.2),179,2
PUB-AE-BY-SOC,R0179,Xanomeline_Low_Dose_n,INTEGER,0,179,1
PUB-AE-BY-SOC,R0179,Xanomeline_Low_Dose_pct,PERCENTAGE,(0.0),179,2
PUB-AE-BY-SOC,R0180,Placebo_n,INTEGER,1,180,1
PUB-AE-BY-SOC,R0180,Placebo_pct,PERCENTAGE,(1.2),180,2
PUB-AE-BY-SOC,R0180,Total_n,INTEGER,2,180,1
PUB-AE-BY-SOC,R0180,Total_pct,PERCENTAGE,(0.8),180,2
PUB-AE-BY-SOC,R0180,Xanomeline_High_Dose_n,INTEGER,0,180,1
PUB-AE-BY-SOC,R0180,Xanomeline_High_Dose_pct,PERCENTAGE,(0.0),180,2
PUB-AE-BY-SOC,R0180,Xanomeline_Low_Dose_n,INTEGER,1,180,1
PUB-AE-BY-SOC,R0180,Xanomeline_Low_Dose_pct,PERCENTAGE,(1.2),180,2
PUB-AE-BY-SOC,R0181,Placebo_n,INTEGER,0,181,1
PUB-AE-BY-SOC,R0181,Placebo_pct,PERCENTAGE,(0.0),181,2
PUB-AE-BY-SOC,R0181,Total_n,INTEGER,1,181,1
PUB-AE-BY-SOC,R0181,Total_pct,PERCENTAGE,(0.4),181,2
PUB-AE-BY-SOC,R0181,Xanomeline_High_Dose_n,INTEGER,0,181,1
PUB-AE-BY-SOC,R0181,Xanomeline_High_Dose_pct,PERCENTAGE,(0.0),181,2
PUB-AE-BY-SOC,R0181,Xanomeline_Low_Dose_n,INTEGER,1,181,1
PUB-AE-BY-SOC,R0181,Xanomeline_Low_Dose_pct,PERCENTAGE,(1.2),181,2
PUB-AE-BY-SOC,R0182,Placebo_n,INTEGER,1,182,1
PUB-AE-BY-SOC,R0182,Placebo_pct,PERCENTAGE,(1.2),182,2
PUB-AE-BY-SOC,R0182,Total_n,INTEGER,3,182,1
PUB-AE-BY-SOC,R0182,Total_pct,PERCENTAGE,(1.2),182,2
PUB-AE-BY-SOC,R0182,Xanomeline_High_Dose_n,INTEGER,1,182,1
PUB-AE-BY-SOC,R0182,Xanomeline_High_Dose_pct,PERCENTAGE,(1.2),182,2
PUB-AE-BY-SOC,R0182,Xanomeline_Low_Dose_n,INTEGER,1,182,1
PUB-AE-BY-SOC,R0182,Xanomeline_Low_Dose_pct,PERCENTAGE,(1.2),182,2
PUB-AE-BY-SOC,R0183,Placebo_n,INTEGER,1,183,1
PUB-AE-BY-SOC,R0183,Placebo_pct,PERCENTAGE,(1.2),183,2
PUB-AE-BY-SOC,R0183,Total_n,INTEGER,2,183,1
PUB-AE-BY-SOC,R0183,Total_pct,PERCENTAGE,(0.8),183,2
PUB-AE-BY-SOC,R0183,Xanomeline_High_Dose_n,INTEGER,1,183,1
PUB-AE-BY-SOC,R0183,Xanomeline_High_Dose_pct,PERCENTAGE,(1.2),183,2
PUB-AE-BY-SOC,R0183,Xanomeline_Low_Dose_n,INTEGER,0,183,1
PUB-AE-BY-SOC,R0183,Xanomeline_Low_Dose_pct,PERCENTAGE,(0.0),183,2
PUB-AE-BY-SOC,R0184,Placebo_n,INTEGER,1,184,1
PUB-AE-BY-SOC,R0184,Placebo_pct,PERCENTAGE,(1.2),184,2
PUB-AE-BY-SOC,R0184,Total_n,INTEGER,1,184,1
PUB-AE-BY-SOC,R0184,Total_pct,PERCENTAGE,(0.4),184,2
PUB-AE-BY-SOC,R0184,Xanomeline_High_Dose_n,INTEGER,0,184,1
PUB-AE-BY-SOC,R0184,Xanomeline_High_Dose_pct,PERCENTAGE,(0.0),184,2
PUB-AE-BY-SOC,R0184,Xanomeline_Low_Dose_n,INTEGER,0,184,1
PUB-AE-BY-SOC,R0184,Xanomeline_Low_Dose_pct,PERCENTAGE,(0.0),184,2
PUB-AE-BY-SOC,R0185,Placebo_n,INTEGER,1,185,1
PUB-AE-BY-SOC,R0185,Placebo_pct,PERCENTAGE,(1.2),185,2
PUB-AE-BY-SOC,R0185,Total_n,INTEGER,2,185,1
PUB-AE-BY-SOC,R0185,Total_pct,PERCENTAGE,(0.8),185,2
PUB-AE-BY-SOC,R0185,Xanomeline_High_Dose_n,INTEGER,1,185,1
PUB-AE-BY-SOC,R0185,Xanomeline_High_Dose_pct,PERCENTAGE,(1.2),185,2
PUB-AE-BY-SOC,R0185,Xanomeline_Low_Dose_n,INTEGER,0,185,1
PUB-AE-BY-SOC,R0185,Xanomeline_Low_Dose_pct,PERCENTAGE,(0.0),185,2
PUB-AE-BY-SOC,R0186,Placebo_n,INTEGER,1,186,1
PUB-AE-BY-SOC,R0186,Placebo_pct,PERCENTAGE,(1.2),186,2
PUB-AE-BY-SOC,R0186,Total_n,INTEGER,1,186,1
PUB-AE-BY-SOC,R0186,Total_pct,PERCENTAGE,(0.4),186,2
PUB-AE-BY-SOC,R0186,Xanomeline_High_Dose_n,INTEGER,0,186,1
PUB-AE-BY-SOC,R0186,Xanomeline_High_Dose_pct,PERCENTAGE,(0.0),186,2
PUB-AE-BY-SOC,R0186,Xanomeline_Low_Dose_n,INTEGER,0,186,1
PUB-AE-BY-SOC,R0186,Xanomeline_Low_Dose_pct,PERCENTAGE,(0.0),186,2
PUB-AE-BY-SOC,R0187,Placebo_n,INTEGER,0,187,1
PUB-AE-BY-SOC,R0187,Placebo_pct,PERCENTAGE,(0.0),187,2
PUB-AE-BY-SOC,R0187,Total_n,INTEGER,1,187,1
PUB-AE-BY-SOC,R0187,Total_pct,PERCENTAGE,(0.4),187,2
PUB-AE-BY-SOC,R0187,Xanomeline_High_Dose_n,INTEGER,1,187,1
PUB-AE-BY-SOC,R0187,Xanomeline_High_Dose_pct,PERCENTAGE,(1.2),187,2
PUB-AE-BY-SOC,R0187,Xanomeline_Low_Dose_n,INTEGER,0,187,1
PUB-AE-BY-SOC,R0187,Xanomeline_Low_Dose_pct,PERCENTAGE,(0.0),187,2
PUB-AE-BY-SOC,R0188,Placebo_n,INTEGER,1,188,1
PUB-AE-BY-SOC,R0188,Placebo_pct,PERCENTAGE,(1.2),188,2
PUB-AE-BY-SOC,R0188,Total_n,INTEGER,11,188,1
PUB-AE-BY-SOC,R0188,Total_pct,PERCENTAGE,(4.3),188,2
PUB-AE-BY-SOC,R0188,Xanomeline_High_Dose_n,INTEGER,5,188,1
PUB-AE-BY-SOC,R0188,Xanomeline_High_Dose_pct,PERCENTAGE,(6.0),188,2
PUB-AE-BY-SOC,R0188,Xanomeline_Low_Dose_n,INTEGER,5,188,1
PUB-AE-BY-SOC,R0188,Xanomeline_Low_Dose_pct,PERCENTAGE,(6.0),188,2
PUB-AE-BY-SOC,R0189,Placebo_n,INTEGER,0,189,1
PUB-AE-BY-SOC,R0189,Placebo_pct,PERCENTAGE,(0.0),189,2
PUB-AE-BY-SOC,R0189,Total_n,INTEGER,1,189,1
PUB-AE-BY-SOC,R0189,Total_pct,PERCENTAGE,(0.4),189,2
PUB-AE-BY-SOC,R0189,Xanomeline_High_Dose_n,INTEGER,0,189,1
PUB-AE-BY-SOC,R0189,Xanomeline_High_Dose_pct,PERCENTAGE,(0.0),189,2
PUB-AE-BY-SOC,R0189,Xanomeline_Low_Dose_n,INTEGER,1,189,1
PUB-AE-BY-SOC,R0189,Xanomeline_Low_Dose_pct,PERCENTAGE,(1.2),189,2
PUB-AE-BY-SOC,R0190,Placebo_n,INTEGER,1,190,1
PUB-AE-BY-SOC,R0190,Placebo_pct,PERCENTAGE,(1.2),190,2
PUB-AE-BY-SOC,R0190,Total_n,INTEGER,3,190,1
PUB-AE-BY-SOC,R0190,Total_pct,PERCENTAGE,(1.2),190,2
PUB-AE-BY-SOC,R0190,Xanomeline_High_Dose_n,INTEGER,1,190,1
PUB-AE-BY-SOC,R0190,Xanomeline_High_Dose_pct,PERCENTAGE,(1.2),190,2
PUB-AE-BY-SOC,R0190,Xanomeline_Low_Dose_n,INTEGER,1,190,1
PUB-AE-BY-SOC,R0190,Xanomeline_Low_Dose_pct,PERCENTAGE,(1.2),190,2
PUB-AE-BY-SOC,R0191,Placebo_n,INTEGER,1,191,1
PUB-AE-BY-SOC,R0191,Placebo_pct,PERCENTAGE,(1.2),191,2
PUB-AE-BY-SOC,R0191,Total_n,INTEGER,1,191,1
PUB-AE-BY-SOC,R0191,Total_pct,PERCENTAGE,(0.4),191,2
PUB-AE-BY-SOC,R0191,Xanomeline_High_Dose_n,INTEGER,0,191,1
PUB-AE-BY-SOC,R0191,Xanomeline_High_Dose_pct,PERCENTAGE,(0.0),191,2
PUB-AE-BY-SOC,R0191,Xanomeline_Low_Dose_n,INTEGER,0,191,1
PUB-AE-BY-SOC,R0191,Xanomeline_Low_Dose_pct,PERCENTAGE,(0.0),191,2
PUB-AE-BY-SOC,R0192,Placebo_n,INTEGER,0,192,1
PUB-AE-BY-SOC,R0192,Placebo_pct,PERCENTAGE,(0.0),192,2
PUB-AE-BY-SOC,R0192,Total_n,INTEGER,3,192,1
PUB-AE-BY-SOC,R0192,Total_pct,PERCENTAGE,(1.2),192,2
PUB-AE-BY-SOC,R0192,Xanomeline_High_Dose_n,INTEGER,2,192,1
PUB-AE-BY-SOC,R0192,Xanomeline_High_Dose_pct,PERCENTAGE,(2.4),192,2
PUB-AE-BY-SOC,R0192,Xanomeline_Low_Dose_n,INTEGER,1,192,1
PUB-AE-BY-SOC,R0192,Xanomeline_Low_Dose_pct,PERCENTAGE,(1.2),192,2
PUB-AE-BY-SOC,R0193,Placebo_n,INTEGER,1,193,1
PUB-AE-BY-SOC,R0193,Placebo_pct,PERCENTAGE,(1.2),193,2
PUB-AE-BY-SOC,R0193,Total_n,INTEGER,1,193,1
PUB-AE-BY-SOC,R0193,Total_pct,PERCENTAGE,(0.4),193,2
PUB-AE-BY-SOC,R0193,Xanomeline_High_Dose_n,INTEGER,0,193,1
PUB-AE-BY-SOC,R0193,Xanomeline_High_Dose_pct,PERCENTAGE,(0.0),193,2
PUB-AE-BY-SOC,R0193,Xanomeline_Low_Dose_n,INTEGER,0,193,1
PUB-AE-BY-SOC,R0193,Xanomeline_Low_Dose_pct,PERCENTAGE,(0.0),193,2
PUB-AE-BY-SOC,R0194,Placebo_n,INTEGER,3,194,1
PUB-AE-BY-SOC,R0194,Placebo_pct,PERCENTAGE,(3.5),194,2
PUB-AE-BY-SOC,R0194,Total_n,INTEGER,7,194,1
PUB-AE-BY-SOC,R0194,Total_pct,PERCENTAGE,(2.8),194,2
PUB-AE-BY-SOC,R0194,Xanomeline_High_Dose_n,INTEGER,3,194,1
PUB-AE-BY-SOC,R0194,Xanomeline_High_Dose_pct,PERCENTAGE,(3.6),194,2
PUB-AE-BY-SOC,R0194,Xanomeline_Low_Dose_n,INTEGER,1,194,1
PUB-AE-BY-SOC,R0194,Xanomeline_Low_Dose_pct,PERCENTAGE,(1.2),194,2
PUB-AE-BY-SOC,R0195,Placebo_n,INTEGER,0,195,1
PUB-AE-BY-SOC,R0195,Placebo_pct,PERCENTAGE,(0.0),195,2
PUB-AE-BY-SOC,R0195,Total_n,INTEGER,1,195,1
PUB-AE-BY-SOC,R0195,Total_pct,PERCENTAGE,(0.4),195,2
PUB-AE-BY-SOC,R0195,Xanomeline_High_Dose_n,INTEGER,1,195,1
PUB-AE-BY-SOC,R0195,Xanomeline_High_Dose_pct,PERCENTAGE,(1.2),195,2
PUB-AE-BY-SOC,R0195,Xanomeline_Low_Dose_n,INTEGER,0,195,1
PUB-AE-BY-SOC,R0195,Xanomeline_Low_Dose_pct,PERCENTAGE,(0.0),195,2
PUB-AE-BY-SOC,R0196,Placebo_n,INTEGER,0,196,1
PUB-AE-BY-SOC,R0196,Placebo_pct,PERCENTAGE,(0.0),196,2
PUB-AE-BY-SOC,R0196,Total_n,INTEGER,2,196,1
PUB-AE-BY-SOC,R0196,Total_pct,PERCENTAGE,(0.8),196,2
PUB-AE-BY-SOC,R0196,Xanomeline_High_Dose_n,INTEGER,1,196,1
PUB-AE-BY-SOC,R0196,Xanomeline_High_Dose_pct,PERCENTAGE,(1.2),196,2
PUB-AE-BY-SOC,R0196,Xanomeline_Low_Dose_n,INTEGER,1,196,1
PUB-AE-BY-SOC,R0196,Xanomeline_Low_Dose_pct,PERCENTAGE,(1.2),196,2
PUB-AE-BY-SOC,R0197,Placebo_n,INTEGER,1,197,1
PUB-AE-BY-SOC,R0197,Placebo_pct,PERCENTAGE,(1.2),197,2
PUB-AE-BY-SOC,R0197,Total_n,INTEGER,1,197,1
PUB-AE-BY-SOC,R0197,Total_pct,PERCENTAGE,(0.4),197,2
PUB-AE-BY-SOC,R0197,Xanomeline_High_Dose_n,INTEGER,0,197,1
PUB-AE-BY-SOC,R0197,Xanomeline_High_Dose_pct,PERCENTAGE,(0.0),197,2
PUB-AE-BY-SOC,R0197,Xanomeline_Low_Dose_n,INTEGER,0,197,1
PUB-AE-BY-SOC,R0197,Xanomeline_Low_Dose_pct,PERCENTAGE,(0.0),197,2
PUB-AE-BY-SOC,R0198,Placebo_n,INTEGER,0,198,1
PUB-AE-BY-SOC,R0198,Placebo_pct,PERCENTAGE,(0.0),198,2
PUB-AE-BY-SOC,R0198,Total_n,INTEGER,1,198,1
PUB-AE-BY-SOC,R0198,Total_pct,PERCENTAGE,(0.4),198,2
PUB-AE-BY-SOC,R0198,Xanomeline_High_Dose_n,INTEGER,1,198,1
PUB-AE-BY-SOC,R0198,Xanomeline_High_Dose_pct,PERCENTAGE,(1.2),198,2
PUB-AE-BY-SOC,R0198,Xanomeline_Low_Dose_n,INTEGER,0,198,1
PUB-AE-BY-SOC,R0198,Xanomeline_Low_Dose_pct,PERCENTAGE,(0.0),198,2
PUB-AE-BY-SOC,R0199,Placebo_n,INTEGER,1,199,1
PUB-AE-BY-SOC,R0199,Placebo_pct,PERCENTAGE,(1.2),199,2
PUB-AE-BY-SOC,R0199,Total_n,INTEGER,1,199,1
PUB-AE-BY-SOC,R0199,Total_pct,PERCENTAGE,(0.4),199,2
PUB-AE-BY-SOC,R0199,Xanomeline_High_Dose_n,INTEGER,0,199,1
PUB-AE-BY-SOC,R0199,Xanomeline_High_Dose_pct,PERCENTAGE,(0.0),199,2
PUB-AE-BY-SOC,R0199,Xanomeline_Low_Dose_n,INTEGER,0,199,1
PUB-AE-BY-SOC,R0199,Xanomeline_Low_Dose_pct,PERCENTAGE,(0.0),199,2
PUB-AE-BY-SOC,R0200,Placebo_n,INTEGER,0,200,1
PUB-AE-BY-SOC,R0200,Placebo_pct,PERCENTAGE,(0.0),200,2
PUB-AE-BY-SOC,R0200,Total_n,INTEGER,1,200,1
PUB-AE-BY-SOC,R0200,Total_pct,PERCENTAGE,(0.4),200,2
PUB-AE-BY-SOC,R0200,Xanomeline_High_Dose_n,INTEGER,1,200,1
PUB-AE-BY-SOC,R0200,Xanomeline_High_Dose_pct,PERCENTAGE,(1.2),200,2
PUB-AE-BY-SOC,R0200,Xanomeline_Low_Dose_n,INTEGER,0,200,1
PUB-AE-BY-SOC,R0200,Xanomeline_Low_Dose_pct,PERCENTAGE,(0.0),200,2
PUB-AE-BY-SOC,R0201,Placebo_n,INTEGER,0,201,1
PUB-AE-BY-SOC,R0201,Placebo_pct,PERCENTAGE,(0.0),201,2
PUB-AE-BY-SOC,R0201,Total_n,INTEGER,2,201,1
PUB-AE-BY-SOC,R0201,Total_pct,PERCENTAGE,(0.8),201,2
PUB-AE-BY-SOC,R0201,Xanomeline_High_Dose_n,INTEGER,1,201,1
PUB-AE-BY-SOC,R0201,Xanomeline_High_Dose_pct,PERCENTAGE,(1.2),201,2
PUB-AE-BY-SOC,R0201,Xanomeline_Low_Dose_n,INTEGER,1,201,1
PUB-AE-BY-SOC,R0201,Xanomeline_Low_Dose_pct,PERCENTAGE,(1.2),201,2
PUB-AE-BY-SOC,R0202,Placebo_n,INTEGER,0,202,1
PUB-AE-BY-SOC,R0202,Placebo_pct,PERCENTAGE,(0.0),202,2
PUB-AE-BY-SOC,R0202,Total_n,INTEGER,1,202,1
PUB-AE-BY-SOC,R0202,Total_pct,PERCENTAGE,(0.4),202,2
PUB-AE-BY-SOC,R0202,Xanomeline_High_Dose_n,INTEGER,1,202,1
PUB-AE-BY-SOC,R0202,Xanomeline_High_Dose_pct,PERCENTAGE,(1.2),202,2
PUB-AE-BY-SOC,R0202,Xanomeline_Low_Dose_n,INTEGER,0,202,1
PUB-AE-BY-SOC,R0202,Xanomeline_Low_Dose_pct,PERCENTAGE,(0.0),202,2
PUB-AE-BY-SOC,R0203,Placebo_n,INTEGER,1,203,1
PUB-AE-BY-SOC,R0203,Placebo_pct,PERCENTAGE,(1.2),203,2
PUB-AE-BY-SOC,R0203,Total_n,INTEGER,1,203,1
PUB-AE-BY-SOC,R0203,Total_pct,PERCENTAGE,(0.4),203,2
PUB-AE-BY-SOC,R0203,Xanomeline_High_Dose_n,INTEGER,0,203,1
PUB-AE-BY-SOC,R0203,Xanomeline_High_Dose_pct,PERCENTAGE,(0.0),203,2
PUB-AE-BY-SOC,R0203,Xanomeline_Low_Dose_n,INTEGER,0,203,1
PUB-AE-BY-SOC,R0203,Xanomeline_Low_Dose_pct,PERCENTAGE,(0.0),203,2
PUB-AE-BY-SOC,R0204,Placebo_n,INTEGER,0,204,1
PUB-AE-BY-SOC,R0204,Placebo_pct,PERCENTAGE,(0.0),204,2
PUB-AE-BY-SOC,R0204,Total_n,INTEGER,6,204,1
PUB-AE-BY-SOC,R0204,Total_pct,PERCENTAGE,(2.4),204,2
PUB-AE-BY-SOC,R0204,Xanomeline_High_Dose_n,INTEGER,1,204,1
PUB-AE-BY-SOC,R0204,Xanomeline_High_Dose_pct,PERCENTAGE,(1.2),204,2
PUB-AE-BY-SOC,R0204,Xanomeline_Low_Dose_n,INTEGER,5,204,1
PUB-AE-BY-SOC,R0204,Xanomeline_Low_Dose_pct,PERCENTAGE,(6.0),204,2
PUB-AE-BY-SOC,R0205,Placebo_n,INTEGER,1,205,1
PUB-AE-BY-SOC,R0205,Placebo_pct,PERCENTAGE,(1.2),205,2
PUB-AE-BY-SOC,R0205,Total_n,INTEGER,1,205,1
PUB-AE-BY-SOC,R0205,Total_pct,PERCENTAGE,(0.4),205,2
PUB-AE-BY-SOC,R0205,Xanomeline_High_Dose_n,INTEGER,0,205,1
PUB-AE-BY-SOC,R0205,Xanomeline_High_Dose_pct,PERCENTAGE,(0.0),205,2
PUB-AE-BY-SOC,R0205,Xanomeline_Low_Dose_n,INTEGER,0,205,1
PUB-AE-BY-SOC,R0205,Xanomeline_Low_Dose_pct,PERCENTAGE,(0.0),205,2
PUB-AE-BY-SOC,R0206,Placebo_n,INTEGER,0,206,1
PUB-AE-BY-SOC,R0206,Placebo_pct,PERCENTAGE,(0.0),206,2
PUB-AE-BY-SOC,R0206,Total_n,INTEGER,1,206,1
PUB-AE-BY-SOC,R0206,Total_pct,PERCENTAGE,(0.4),206,2
PUB-AE-BY-SOC,R0206,Xanomeline_High_Dose_n,INTEGER,0,206,1
PUB-AE-BY-SOC,R0206,Xanomeline_High_Dose_pct,PERCENTAGE,(0.0),206,2
PUB-AE-BY-SOC,R0206,Xanomeline_Low_Dose_n,INTEGER,1,206,1
PUB-AE-BY-SOC,R0206,Xanomeline_Low_Dose_pct,PERCENTAGE,(1.2),206,2
PUB-AE-BY-SOC,R0207,Placebo_n,INTEGER,1,207,1
PUB-AE-BY-SOC,R0207,Placebo_pct,PERCENTAGE,(1.2),207,2
PUB-AE-BY-SOC,R0207,Total_n,INTEGER,1,207,1
PUB-AE-BY-SOC,R0207,Total_pct,PERCENTAGE,(0.4),207,2
PUB-AE-BY-SOC,R0207,Xanomeline_High_Dose_n,INTEGER,0,207,1
PUB-AE-BY-SOC,R0207,Xanomeline_High_Dose_pct,PERCENTAGE,(0.0),207,2
PUB-AE-BY-SOC,R0207,Xanomeline_Low_Dose_n,INTEGER,0,207,1
PUB-AE-BY-SOC,R0207,Xanomeline_Low_Dose_pct,PERCENTAGE,(0.0),207,2
PUB-AE-BY-SOC,R0208,Placebo_n,INTEGER,8,208,1
PUB-AE-BY-SOC,R0208,Placebo_pct,PERCENTAGE,(9.3),208,2
PUB-AE-BY-SOC,R0208,Total_n,INTEGER,36,208,1
PUB-AE-BY-SOC,R0208,Total_pct,PERCENTAGE,(14.2),208,2
PUB-AE-BY-SOC,R0208,Xanomeline_High_Dose_n,INTEGER,14,208,1
PUB-AE-BY-SOC,R0208,Xanomeline_High_Dose_pct,PERCENTAGE,(16.7),208,2
PUB-AE-BY-SOC,R0208,Xanomeline_Low_Dose_n,INTEGER,14,208,1
PUB-AE-BY-SOC,R0208,Xanomeline_Low_Dose_pct,PERCENTAGE,(16.7),208,2
PUB-AE-BY-SOC,R0209,Placebo_n,INTEGER,2,209,1
PUB-AE-BY-SOC,R0209,Placebo_pct,PERCENTAGE,(2.3),209,2
PUB-AE-BY-SOC,R0209,Total_n,INTEGER,14,209,1
PUB-AE-BY-SOC,R0209,Total_pct,PERCENTAGE,(5.5),209,2
PUB-AE-BY-SOC,R0209,Xanomeline_High_Dose_n,INTEGER,8,209,1
PUB-AE-BY-SOC,R0209,Xanomeline_High_Dose_pct,PERCENTAGE,(9.5),209,2
PUB-AE-BY-SOC,R0209,Xanomeline_Low_Dose_n,INTEGER,4,209,1
PUB-AE-BY-SOC,R0209,Xanomeline_Low_Dose_pct,PERCENTAGE,(4.8),209,2
PUB-AE-BY-SOC,R0210,Placebo_n,INTEGER,8,210,1
PUB-AE-BY-SOC,R0210,Placebo_pct,PERCENTAGE,(9.3),210,2
PUB-AE-BY-SOC,R0210,Total_n,INTEGER,55,210,1
PUB-AE-BY-SOC,R0210,Total_pct,PERCENTAGE,(21.7),210,2
PUB-AE-BY-SOC,R0210,Xanomeline_High_Dose_n,INTEGER,26,210,1
PUB-AE-BY-SOC,R0210,Xanomeline_High_Dose_pct,PERCENTAGE,(31.0),210,2
PUB-AE-BY-SOC,R0210,Xanomeline_Low_Dose_n,INTEGER,21,210,1
PUB-AE-BY-SOC,R0210,Xanomeline_Low_Dose_pct,PERCENTAGE,(25.0),210,2
PUB-AE-BY-SOC,R0211,Placebo_n,INTEGER,0,211,1
PUB-AE-BY-SOC,R0211,Placebo_pct,PERCENTAGE,(0.0),211,2
PUB-AE-BY-SOC,R0211,Total_n,INTEGER,2,211,1
PUB-AE-BY-SOC,R0211,Total_pct,PERCENTAGE,(0.8),211,2
PUB-AE-BY-SOC,R0211,Xanomeline_High_Dose_n,INTEGER,1,211,1
PUB-AE-BY-SOC,R0211,Xanomeline_High_Dose_pct,PERCENTAGE,(1.2),211,2
PUB-AE-BY-SOC,R0211,Xanomeline_Low_Dose_n,INTEGER,1,211,1
PUB-AE-BY-SOC,R0211,Xanomeline_Low_Dose_pct,PERCENTAGE,(1.2),211,2
PUB-AE-BY-SOC,R0212,Placebo_n,INTEGER,5,212,1
PUB-AE-BY-SOC,R0212,Placebo_pct,PERCENTAGE,(5.8),212,2
PUB-AE-BY-SOC,R0212,Total_n,INTEGER,27,212,1
PUB-AE-BY-SOC,R0212,Total_pct,PERCENTAGE,(10.6),212,2
PUB-AE-BY-SOC,R0212,Xanomeline_High_Dose_n,INTEGER,9,212,1
PUB-AE-BY-SOC,R0212,Xanomeline_High_Dose_pct,PERCENTAGE,(10.7),212,2
PUB-AE-BY-SOC,R0212,Xanomeline_Low_Dose_n,INTEGER,13,212,1
PUB-AE-BY-SOC,R0212,Xanomeline_Low_Dose_pct,PERCENTAGE,(15.5),212,2
PUB-AE-BY-SOC,R0213,Placebo_n,INTEGER,0,213,1
PUB-AE-BY-SOC,R0213,Placebo_pct,PERCENTAGE,(0.0),213,2
PUB-AE-BY-SOC,R0213,Total_n,INTEGER,1,213,1
PUB-AE-BY-SOC,R0213,Total_pct,PERCENTAGE,(0.4),213,2
PUB-AE-BY-SOC,R0213,Xanomeline_High_Dose_n,INTEGER,0,213,1
PUB-AE-BY-SOC,R0213,Xanomeline_High_Dose_pct,PERCENTAGE,(0.0),213,2
PUB-AE-BY-SOC,R0213,Xanomeline_Low_Dose_n,INTEGER,1,213,1
PUB-AE-BY-SOC,R0213,Xanomeline_Low_Dose_pct,PERCENTAGE,(1.2),213,2
PUB-AE-BY-SOC,R0214,Placebo_n,INTEGER,0,214,1
PUB-AE-BY-SOC,R0214,Placebo_pct,PERCENTAGE,(0.0),214,2
PUB-AE-BY-SOC,R0214,Total_n,INTEGER,1,214,1
PUB-AE-BY-SOC,R0214,Total_pct,PERCENTAGE,(0.4),214,2
PUB-AE-BY-SOC,R0214,Xanomeline_High_Dose_n,INTEGER,1,214,1
PUB-AE-BY-SOC,R0214,Xanomeline_High_Dose_pct,PERCENTAGE,(1.2),214,2
PUB-AE-BY-SOC,R0214,Xanomeline_Low_Dose_n,INTEGER,0,214,1
PUB-AE-BY-SOC,R0214,Xanomeline_Low_Dose_pct,PERCENTAGE,(0.0),214,2
PUB-AE-BY-SOC,R0215,Placebo_n,INTEGER,0,215,1
PUB-AE-BY-SOC,R0215,Placebo_pct,PERCENTAGE,(0.0),215,2
PUB-AE-BY-SOC,R0215,Total_n,INTEGER,3,215,1
PUB-AE-BY-SOC,R0215,Total_pct,PERCENTAGE,(1.2),215,2
PUB-AE-BY-SOC,R0215,Xanomeline_High_Dose_n,INTEGER,2,215,1
PUB-AE-BY-SOC,R0215,Xanomeline_High_Dose_pct,PERCENTAGE,(2.4),215,2
PUB-AE-BY-SOC,R0215,Xanomeline_Low_Dose_n,INTEGER,1,215,1
PUB-AE-BY-SOC,R0215,Xanomeline_Low_Dose_pct,PERCENTAGE,(1.2),215,2
PUB-AE-BY-SOC,R0216,Placebo_n,INTEGER,0,216,1
PUB-AE-BY-SOC,R0216,Placebo_pct,PERCENTAGE,(0.0),216,2
PUB-AE-BY-SOC,R0216,Total_n,INTEGER,1,216,1
PUB-AE-BY-SOC,R0216,Total_pct,PERCENTAGE,(0.4),216,2
PUB-AE-BY-SOC,R0216,Xanomeline_High_Dose_n,INTEGER,0,216,1
PUB-AE-BY-SOC,R0216,Xanomeline_High_Dose_pct,PERCENTAGE,(0.0),216,2
PUB-AE-BY-SOC,R0216,Xanomeline_Low_Dose_n,INTEGER,1,216,1
PUB-AE-BY-SOC,R0216,Xanomeline_Low_Dose_pct,PERCENTAGE,(1.2),216,2
PUB-AE-BY-SOC,R0217,Placebo_n,INTEGER,3,217,1
PUB-AE-BY-SOC,R0217,Placebo_pct,PERCENTAGE,(3.5),217,2
PUB-AE-BY-SOC,R0217,Total_n,INTEGER,14,217,1
PUB-AE-BY-SOC,R0217,Total_pct,PERCENTAGE,(5.5),217,2
PUB-AE-BY-SOC,R0217,Xanomeline_High_Dose_n,INTEGER,5,217,1
PUB-AE-BY-SOC,R0217,Xanomeline_High_Dose_pct,PERCENTAGE,(6.0),217,2
PUB-AE-BY-SOC,R0217,Xanomeline_Low_Dose_n,INTEGER,6,217,1
PUB-AE-BY-SOC,R0217,Xanomeline_Low_Dose_pct,PERCENTAGE,(7.1),217,2
PUB-AE-BY-SOC,R0218,Placebo_n,INTEGER,0,218,1
PUB-AE-BY-SOC,R0218,Placebo_pct,PERCENTAGE,(0.0),218,2
PUB-AE-BY-SOC,R0218,Total_n,INTEGER,1,218,1
PUB-AE-BY-SOC,R0218,Total_pct,PERCENTAGE,(0.4),218,2
PUB-AE-BY-SOC,R0218,Xanomeline_High_Dose_n,INTEGER,1,218,1
PUB-AE-BY-SOC,R0218,Xanomeline_High_Dose_pct,PERCENTAGE,(1.2),218,2
PUB-AE-BY-SOC,R0218,Xanomeline_Low_Dose_n,INTEGER,0,218,1
PUB-AE-BY-SOC,R0218,Xanomeline_Low_Dose_pct,PERCENTAGE,(0.0),218,2
PUB-AE-BY-SOC,R0219,Placebo_n,INTEGER,1,219,1
PUB-AE-BY-SOC,R0219,Placebo_pct,PERCENTAGE,(1.2),219,2
PUB-AE-BY-SOC,R0219,Total_n,INTEGER,1,219,1
PUB-AE-BY-SOC,R0219,Total_pct,PERCENTAGE,(0.4),219,2
PUB-AE-BY-SOC,R0219,Xanomeline_High_Dose_n,INTEGER,0,219,1
PUB-AE-BY-SOC,R0219,Xanomeline_High_Dose_pct,PERCENTAGE,(0.0),219,2
PUB-AE-BY-SOC,R0219,Xanomeline_Low_Dose_n,INTEGER,0,219,1
PUB-AE-BY-SOC,R0219,Xanomeline_Low_Dose_pct,PERCENTAGE,(0.0),219,2
PUB-AE-BY-SOC,R0220,Placebo_n,INTEGER,0,220,1
PUB-AE-BY-SOC,R0220,Placebo_pct,PERCENTAGE,(0.0),220,2
PUB-AE-BY-SOC,R0220,Total_n,INTEGER,2,220,1
PUB-AE-BY-SOC,R0220,Total_pct,PERCENTAGE,(0.8),220,2
PUB-AE-BY-SOC,R0220,Xanomeline_High_Dose_n,INTEGER,1,220,1
PUB-AE-BY-SOC,R0220,Xanomeline_High_Dose_pct,PERCENTAGE,(1.2),220,2
PUB-AE-BY-SOC,R0220,Xanomeline_Low_Dose_n,INTEGER,1,220,1
PUB-AE-BY-SOC,R0220,Xanomeline_Low_Dose_pct,PERCENTAGE,(1.2),220,2
PUB-AE-BY-SOC,R0221,Placebo_n,INTEGER,0,221,1
PUB-AE-BY-SOC,R0221,Placebo_pct,PERCENTAGE,(0.0),221,2
PUB-AE-BY-SOC,R0221,Total_n,INTEGER,1,221,1
PUB-AE-BY-SOC,R0221,Total_pct,PERCENTAGE,(0.4),221,2
PUB-AE-BY-SOC,R0221,Xanomeline_High_Dose_n,INTEGER,1,221,1
PUB-AE-BY-SOC,R0221,Xanomeline_High_Dose_pct,PERCENTAGE,(1.2),221,2
PUB-AE-BY-SOC,R0221,Xanomeline_Low_Dose_n,INTEGER,0,221,1
PUB-AE-BY-SOC,R0221,Xanomeline_Low_Dose_pct,PERCENTAGE,(0.0),221,2
PUB-AE-BY-SOC,R0222,Placebo_n,INTEGER,0,222,1
PUB-AE-BY-SOC,R0222,Placebo_pct,PERCENTAGE,(0.0),222,2
PUB-AE-BY-SOC,R0222,Total_n,INTEGER,1,222,1
PUB-AE-BY-SOC,R0222,Total_pct,PERCENTAGE,(0.4),222,2
PUB-AE-BY-SOC,R0222,Xanomeline_High_Dose_n,INTEGER,1,222,1
PUB-AE-BY-SOC,R0222,Xanomeline_High_Dose_pct,PERCENTAGE,(1.2),222,2
PUB-AE-BY-SOC,R0222,Xanomeline_Low_Dose_n,INTEGER,0,222,1
PUB-AE-BY-SOC,R0222,Xanomeline_Low_Dose_pct,PERCENTAGE,(0.0),222,2
PUB-AE-BY-SOC,R0223,Placebo_n,INTEGER,1,223,1
PUB-AE-BY-SOC,R0223,Placebo_pct,PERCENTAGE,(1.2),223,2
PUB-AE-BY-SOC,R0223,Total_n,INTEGER,2,223,1
PUB-AE-BY-SOC,R0223,Total_pct,PERCENTAGE,(0.8),223,2
PUB-AE-BY-SOC,R0223,Xanomeline_High_Dose_n,INTEGER,0,223,1
PUB-AE-BY-SOC,R0223,Xanomeline_High_Dose_pct,PERCENTAGE,(0.0),223,2
PUB-AE-BY-SOC,R0223,Xanomeline_Low_Dose_n,INTEGER,1,223,1
PUB-AE-BY-SOC,R0223,Xanomeline_Low_Dose_pct,PERCENTAGE,(1.2),223,2
PUB-AE-BY-SOC,R0224,Placebo_n,INTEGER,1,224,1
PUB-AE-BY-SOC,R0224,Placebo_pct,PERCENTAGE,(1.2),224,2
PUB-AE-BY-SOC,R0224,Total_n,INTEGER,1,224,1
PUB-AE-BY-SOC,R0224,Total_pct,PERCENTAGE,(0.4),224,2
PUB-AE-BY-SOC,R0224,Xanomeline_High_Dose_n,INTEGER,0,224,1
PUB-AE-BY-SOC,R0224,Xanomeline_High_Dose_pct,PERCENTAGE,(0.0),224,2
PUB-AE-BY-SOC,R0224,Xanomeline_Low_Dose_n,INTEGER,0,224,1
PUB-AE-BY-SOC,R0224,Xanomeline_Low_Dose_pct,PERCENTAGE,(0.0),224,2
PUB-AE-BY-SOC,R0225,Placebo_n,INTEGER,0,225,1
PUB-AE-BY-SOC,R0225,Placebo_pct,PERCENTAGE,(0.0),225,2
PUB-AE-BY-SOC,R0225,Total_n,INTEGER,1,225,1
PUB-AE-BY-SOC,R0225,Total_pct,PERCENTAGE,(0.4),225,2
PUB-AE-BY-SOC,R0225,Xanomeline_High_Dose_n,INTEGER,1,225,1
PUB-AE-BY-SOC,R0225,Xanomeline_High_Dose_pct,PERCENTAGE,(1.2),225,2
PUB-AE-BY-SOC,R0225,Xanomeline_Low_Dose_n,INTEGER,0,225,1
PUB-AE-BY-SOC,R0225,Xanomeline_Low_Dose_pct,PERCENTAGE,(0.0),225,2
PUB-AE-BY-SOC,R0226,Placebo_n,INTEGER,0,226,1
PUB-AE-BY-SOC,R0226,Placebo_pct,PERCENTAGE,(0.0),226,2
PUB-AE-BY-SOC,R0226,Total_n,INTEGER,1,226,1
PUB-AE-BY-SOC,R0226,Total_pct,PERCENTAGE,(0.4),226,2
PUB-AE-BY-SOC,R0226,Xanomeline_High_Dose_n,INTEGER,0,226,1
PUB-AE-BY-SOC,R0226,Xanomeline_High_Dose_pct,PERCENTAGE,(0.0),226,2
PUB-AE-BY-SOC,R0226,Xanomeline_Low_Dose_n,INTEGER,1,226,1
PUB-AE-BY-SOC,R0226,Xanomeline_Low_Dose_pct,PERCENTAGE,(1.2),226,2
PUB-AE-BY-SOC,R0227,Placebo_n,INTEGER,1,227,1
PUB-AE-BY-SOC,R0227,Placebo_pct,PERCENTAGE,(1.2),227,2
PUB-AE-BY-SOC,R0227,Total_n,INTEGER,2,227,1
PUB-AE-BY-SOC,R0227,Total_pct,PERCENTAGE,(0.8),227,2
PUB-AE-BY-SOC,R0227,Xanomeline_High_Dose_n,INTEGER,0,227,1
PUB-AE-BY-SOC,R0227,Xanomeline_High_Dose_pct,PERCENTAGE,(0.0),227,2
PUB-AE-BY-SOC,R0227,Xanomeline_Low_Dose_n,INTEGER,1,227,1
PUB-AE-BY-SOC,R0227,Xanomeline_Low_Dose_pct,PERCENTAGE,(1.2),227,2
PUB-AE-BY-SOC,R0228,Placebo_n,INTEGER,2,228,1
PUB-AE-BY-SOC,R0228,Placebo_pct,PERCENTAGE,(2.3),228,2
PUB-AE-BY-SOC,R0228,Total_n,INTEGER,3,228,1
PUB-AE-BY-SOC,R0228,Total_pct,PERCENTAGE,(1.2),228,2
PUB-AE-BY-SOC,R0228,Xanomeline_High_Dose_n,INTEGER,0,228,1
PUB-AE-BY-SOC,R0228,Xanomeline_High_Dose_pct,PERCENTAGE,(0.0),228,2
PUB-AE-BY-SOC,R0228,Xanomeline_Low_Dose_n,INTEGER,1,228,1
PUB-AE-BY-SOC,R0228,Xanomeline_Low_Dose_pct,PERCENTAGE,(1.2),228,2
PUB-AE-BY-SOC,R0229,Placebo_n,INTEGER,1,229,1
PUB-AE-BY-SOC,R0229,Placebo_pct,PERCENTAGE,(1.2),229,2
PUB-AE-BY-SOC,R0229,Total_n,INTEGER,1,229,1
PUB-AE-BY-SOC,R0229,Total_pct,PERCENTAGE,(0.4),229,2
PUB-AE-BY-SOC,R0229,Xanomeline_High_Dose_n,INTEGER,0,229,1
PUB-AE-BY-SOC,R0229,Xanomeline_High_Dose_pct,PERCENTAGE,(0.0),229,2
PUB-AE-BY-SOC,R0229,Xanomeline_Low_Dose_n,INTEGER,0,229,1
PUB-AE-BY-SOC,R0229,Xanomeline_Low_Dose_pct,PERCENTAGE,(0.0),229,2
PUB-AE-BY-SOC,R0230,Placebo_n,INTEGER,0,230,1
PUB-AE-BY-SOC,R0230,Placebo_pct,PERCENTAGE,(0.0),230,2
PUB-AE-BY-SOC,R0230,Total_n,INTEGER,1,230,1
PUB-AE-BY-SOC,R0230,Total_pct,PERCENTAGE,(0.4),230,2
PUB-AE-BY-SOC,R0230,Xanomeline_High_Dose_n,INTEGER,1,230,1
PUB-AE-BY-SOC,R0230,Xanomeline_High_Dose_pct,PERCENTAGE,(1.2),230,2
PUB-AE-BY-SOC,R0230,Xanomeline_Low_Dose_n,INTEGER,0,230,1
PUB-AE-BY-SOC,R0230,Xanomeline_Low_Dose_pct,PERCENTAGE,(0.0),230,2
PUB-AE-BY-SOC,R0001,LABEL,LABEL,ATRIAL FIBRILLATION,1,0
PUB-AE-BY-SOC,R0002,LABEL,LABEL,ATRIAL FLUTTER,2,0
PUB-AE-BY-SOC,R0003,LABEL,LABEL,ATRIAL HYPERTROPHY,3,0
PUB-AE-BY-SOC,R0004,LABEL,LABEL,ATRIOVENTRICULAR BLOCK FIRST DEGREE,4,0
PUB-AE-BY-SOC,R0005,LABEL,LABEL,ATRIOVENTRICULAR BLOCK SECOND DEGREE,5,0
PUB-AE-BY-SOC,R0006,LABEL,LABEL,BRADYCARDIA,6,0
PUB-AE-BY-SOC,R0007,LABEL,LABEL,BUNDLE BRANCH BLOCK LEFT,7,0
PUB-AE-BY-SOC,R0008,LABEL,LABEL,BUNDLE BRANCH BLOCK RIGHT,8,0
PUB-AE-BY-SOC,R0009,LABEL,LABEL,CARDIAC DISORDER,9,0
PUB-AE-BY-SOC,R0010,LABEL,LABEL,CARDIAC FAILURE CONGESTIVE,10,0
PUB-AE-BY-SOC,R0011,LABEL,LABEL,MYOCARDIAL INFARCTION,11,0
PUB-AE-BY-SOC,R0012,LABEL,LABEL,PALPITATIONS,12,0
PUB-AE-BY-SOC,R0013,LABEL,LABEL,SINUS ARRHYTHMIA,13,0
PUB-AE-BY-SOC,R0014,LABEL,LABEL,SINUS BRADYCARDIA,14,0
PUB-AE-BY-SOC,R0015,LABEL,LABEL,SUPRAVENTRICULAR EXTRASYSTOLES,15,0
PUB-AE-BY-SOC,R0016,LABEL,LABEL,SUPRAVENTRICULAR TACHYCARDIA,16,0
PUB-AE-BY-SOC,R0017,LABEL,LABEL,TACHYCARDIA,17,0
PUB-AE-BY-SOC,R0018,LABEL,LABEL,VENTRICULAR EXTRASYSTOLES,18,0
PUB-AE-BY-SOC,R0019,LABEL,LABEL,VENTRICULAR HYPERTROPHY,19,0
PUB-AE-BY-SOC,R0020,LABEL,LABEL,WOLFF-PARKINSON-WHITE SYNDROME,20,0
PUB-AE-BY-SOC,R0021,LABEL,LABEL,VENTRICULAR SEPTAL DEFECT,21,0
PUB-AE-BY-SOC,R0022,LABEL,LABEL,CERUMEN IMPACTION,22,0
PUB-AE-BY-SOC,R0023,LABEL,LABEL,EAR PAIN,23,0
PUB-AE-BY-SOC,R0024,LABEL,LABEL,VERTIGO,24,0
PUB-AE-BY-SOC,R0025,LABEL,LABEL,CONJUNCTIVAL HAEMORRHAGE,25,0
PUB-AE-BY-SOC,R0026,LABEL,LABEL,CONJUNCTIVITIS,26,0
PUB-AE-BY-SOC,R0027,LABEL,LABEL,EYE ALLERGY,27,0
PUB-AE-BY-SOC,R0028,LABEL,LABEL,EYE PRURITUS,28,0
PUB-AE-BY-SOC,R0029,LABEL,LABEL,EYE SWELLING,29,0
PUB-AE-BY-SOC,R0030,LABEL,LABEL,VISION BLURRED,30,0
PUB-AE-BY-SOC,R0031,LABEL,LABEL,ABDOMINAL DISCOMFORT,31,0
PUB-AE-BY-SOC,R0032,LABEL,LABEL,ABDOMINAL PAIN,32,0
PUB-AE-BY-SOC,R0033,LABEL,LABEL,CONSTIPATION,33,0
PUB-AE-BY-SOC,R0034,LABEL,LABEL,DIARRHOEA,34,0
PUB-AE-BY-SOC,R0035,LABEL,LABEL,DYSPEPSIA,35,0
PUB-AE-BY-SOC,R0036,LABEL,LABEL,DYSPHAGIA,36,0
PUB-AE-BY-SOC,R0037,LABEL,LABEL,FLATULENCE,37,0
PUB-AE-BY-SOC,R0038,LABEL,LABEL,GASTROINTESTINAL HAEMORRHAGE,38,0
PUB-AE-BY-SOC,R0039,LABEL,LABEL,GASTROOESOPHAGEAL REFLUX DISEASE,39,0
PUB-AE-BY-SOC,R0040,LABEL,LABEL,GLOSSITIS,40,0
PUB-AE-BY-SOC,R0041,LABEL,LABEL,HIATUS HERNIA,41,0
PUB-AE-BY-SOC,R0042,LABEL,LABEL,NAUSEA,42,0
PUB-AE-BY-SOC,R0043,LABEL,LABEL,RECTAL HAEMORRHAGE,43,0
PUB-AE-BY-SOC,R0044,LABEL,LABEL,SALIVARY HYPERSECRETION,44,0
PUB-AE-BY-SOC,R0045,LABEL,LABEL,STOMACH DISCOMFORT,45,0
PUB-AE-BY-SOC,R0046,LABEL,LABEL,VOMITING,46,0
PUB-AE-BY-SOC,R0047,LABEL,LABEL,APPLICATION SITE BLEEDING,47,0
PUB-AE-BY-SOC,R0048,LABEL,LABEL,APPLICATION SITE DERMATITIS,48,0
PUB-AE-BY-SOC,R0049,LABEL,LABEL,APPLICATION SITE DESQUAMATION,49,0
PUB-AE-BY-SOC,R0050,LABEL,LABEL,APPLICATION SITE DISCHARGE,50,0
PUB-AE-BY-SOC,R0051,LABEL,LABEL,APPLICATION SITE DISCOLOURATION,51,0
PUB-AE-BY-SOC,R0052,LABEL,LABEL,APPLICATION SITE ERYTHEMA,52,0
PUB-AE-BY-SOC,R0053,LABEL,LABEL,APPLICATION SITE INDURATION,53,0
PUB-AE-BY-SOC,R0054,LABEL,LABEL,APPLICATION SITE IRRITATION,54,0
PUB-AE-BY-SOC,R0055,LABEL,LABEL,APPLICATION SITE PAIN,55,0
PUB-AE-BY-SOC,R0056,LABEL,LABEL,APPLICATION SITE PERSPIRATION,56,0
PUB-AE-BY-SOC,R0057,LABEL,LABEL,APPLICATION SITE PRURITUS,57,0
PUB-AE-BY-SOC,R0058,LABEL,LABEL,APPLICATION SITE REACTION,58,0
PUB-AE-BY-SOC,R0059,LABEL,LABEL,APPLICATION SITE SWELLING,59,0
PUB-AE-BY-SOC,R0060,LABEL,LABEL,APPLICATION SITE URTICARIA,60,0
PUB-AE-BY-SOC,R0061,LABEL,LABEL,APPLICATION SITE VESICLES,61,0
PUB-AE-BY-SOC,R0062,LABEL,LABEL,APPLICATION SITE WARMTH,62,0
PUB-AE-BY-SOC,R0063,LABEL,LABEL,ASTHENIA,63,0
PUB-AE-BY-SOC,R0064,LABEL,LABEL,CHEST DISCOMFORT,64,0
PUB-AE-BY-SOC,R0065,LABEL,LABEL,CHEST PAIN,65,0
PUB-AE-BY-SOC,R0066,LABEL,LABEL,CHILLS,66,0
PUB-AE-BY-SOC,R0067,LABEL,LABEL,FATIGUE,67,0
PUB-AE-BY-SOC,R0068,LABEL,LABEL,FEELING ABNORMAL,68,0
PUB-AE-BY-SOC,R0069,LABEL,LABEL,FEELING COLD,69,0
PUB-AE-BY-SOC,R0070,LABEL,LABEL,INFLAMMATION,70,0
PUB-AE-BY-SOC,R0071,LABEL,LABEL,MALAISE,71,0
PUB-AE-BY-SOC,R0072,LABEL,LABEL,OEDEMA,72,0
PUB-AE-BY-SOC,R0073,LABEL,LABEL,OEDEMA PERIPHERAL,73,0
PUB-AE-BY-SOC,R0074,LABEL,LABEL,PAIN,74,0
PUB-AE-BY-SOC,R0075,LABEL,LABEL,PYREXIA,75,0
PUB-AE-BY-SOC,R0076,LABEL,LABEL,SECRETION DISCHARGE,76,0
PUB-AE-BY-SOC,R0077,LABEL,LABEL,SUDDEN DEATH,77,0
PUB-AE-BY-SOC,R0078,LABEL,LABEL,SWELLING,78,0
PUB-AE-BY-SOC,R0079,LABEL,LABEL,ULCER,79,0
PUB-AE-BY-SOC,R0080,LABEL,LABEL,HYPERBILIRUBINAEMIA,80,0
PUB-AE-BY-SOC,R0081,LABEL,LABEL,HYPERSENSITIVITY,81,0
PUB-AE-BY-SOC,R0082,LABEL,LABEL,BRONCHITIS,82,0
PUB-AE-BY-SOC,R0083,LABEL,LABEL,CELLULITIS,83,0
PUB-AE-BY-SOC,R0084,LABEL,LABEL,CERVICITIS,84,0
PUB-AE-BY-SOC,R0085,LABEL,LABEL,CYSTITIS,85,0
PUB-AE-BY-SOC,R0086,LABEL,LABEL,EAR INFECTION,86,0
PUB-AE-BY-SOC,R0087,LABEL,LABEL,GASTROENTERITIS VIRAL,87,0
PUB-AE-BY-SOC,R0088,LABEL,LABEL,HORDEOLUM,88,0
PUB-AE-BY-SOC,R0089,LABEL,LABEL,INFLUENZA,89,0
PUB-AE-BY-SOC,R0090,LABEL,LABEL,LOCALISED INFECTION,90,0
PUB-AE-BY-SOC,R0091,LABEL,LABEL,LOWER RESPIRATORY TRACT INFECTION,91,0
PUB-AE-BY-SOC,R0092,LABEL,LABEL,NASOPHARYNGITIS,92,0
PUB-AE-BY-SOC,R0093,LABEL,LABEL,PNEUMONIA,93,0
PUB-AE-BY-SOC,R0094,LABEL,LABEL,RHINITIS,94,0
PUB-AE-BY-SOC,R0095,LABEL,LABEL,UPPER RESPIRATORY TRACT INFECTION,95,0
PUB-AE-BY-SOC,R0096,LABEL,LABEL,URINARY TRACT INFECTION,96,0
PUB-AE-BY-SOC,R0097,LABEL,LABEL,VAGINAL MYCOSIS,97,0
PUB-AE-BY-SOC,R0098,LABEL,LABEL,VIRAL INFECTION,98,0
PUB-AE-BY-SOC,R0099,LABEL,LABEL,CONTUSION,99,0
PUB-AE-BY-SOC,R0100,LABEL,LABEL,EXCORIATION,100,0
PUB-AE-BY-SOC,R0101,LABEL,LABEL,FACIAL BONES FRACTURE,101,0
PUB-AE-BY-SOC,R0102,LABEL,LABEL,FALL,102,0
PUB-AE-BY-SOC,R0103,LABEL,LABEL,HIP FRACTURE,103,0
PUB-AE-BY-SOC,R0104,LABEL,LABEL,JOINT DISLOCATION,104,0
PUB-AE-BY-SOC,R0105,LABEL,LABEL,SKIN LACERATION,105,0
PUB-AE-BY-SOC,R0106,LABEL,LABEL,WOUND,106,0
PUB-AE-BY-SOC,R0107,LABEL,LABEL,BIOPSY,107,0
PUB-AE-BY-SOC,R0108,LABEL,LABEL,BIOPSY PROSTATE,108,0
PUB-AE-BY-SOC,R0109,LABEL,LABEL,BLOOD ALKALINE PHOSPHATASE INCREASED,109,0
PUB-AE-BY-SOC,R0110,LABEL,LABEL,BLOOD CHOLESTEROL INCREASED,110,0
PUB-AE-BY-SOC,R0111,LABEL,LABEL,BLOOD CREATINE PHOSPHOKINASE INCREASED,111,0
PUB-AE-BY-SOC,R0112,LABEL,LABEL,BLOOD GLUCOSE INCREASED,112,0
PUB-AE-BY-SOC,R0113,LABEL,LABEL,BLOOD URINE PRESENT,113,0
PUB-AE-BY-SOC,R0114,LABEL,LABEL,BODY TEMPERATURE INCREASED,114,0
PUB-AE-BY-SOC,R0115,LABEL,LABEL,CYSTOSCOPY,115,0
PUB-AE-BY-SOC,R0116,LABEL,LABEL,ELECTROCARDIOGRAM ST SEGMENT DEPRESSION,116,0
PUB-AE-BY-SOC,R0117,LABEL,LABEL,ELECTROCARDIOGRAM T WAVE AMPLITUDE DECREASED,117,0
PUB-AE-BY-SOC,R0118,LABEL,LABEL,ELECTROCARDIOGRAM T WAVE INVERSION,118,0
PUB-AE-BY-SOC,R0119,LABEL,LABEL,HEART RATE INCREASED,119,0
PUB-AE-BY-SOC,R0120,LABEL,LABEL,HEART RATE IRREGULAR,120,0
PUB-AE-BY-SOC,R0121,LABEL,LABEL,NASAL MUCOSA BIOPSY,121,0
PUB-AE-BY-SOC,R0122,LABEL,LABEL,WEIGHT DECREASED,122,0
PUB-AE-BY-SOC,R0123,LABEL,LABEL,DECREASED APPETITE,123,0
PUB-AE-BY-SOC,R0124,LABEL,LABEL,DEHYDRATION,124,0
PUB-AE-BY-SOC,R0125,LABEL,LABEL,DIABETES MELLITUS,125,0
PUB-AE-BY-SOC,R0126,LABEL,LABEL,FOOD CRAVING,126,0
PUB-AE-BY-SOC,R0127,LABEL,LABEL,HYPONATRAEMIA,127,0
PUB-AE-BY-SOC,R0128,LABEL,LABEL,INCREASED APPETITE,128,0
PUB-AE-BY-SOC,R0129,LABEL,LABEL,ARTHRALGIA,129,0
PUB-AE-BY-SOC,R0130,LABEL,LABEL,ARTHRITIS,130,0
PUB-AE-BY-SOC,R0131,LABEL,LABEL,BACK PAIN,131,0
PUB-AE-BY-SOC,R0132,LABEL,LABEL,FLANK PAIN,132,0
PUB-AE-BY-SOC,R0133,LABEL,LABEL,MUSCLE SPASMS,133,0
PUB-AE-BY-SOC,R0134,LABEL,LABEL,MUSCULAR WEAKNESS,134,0
PUB-AE-BY-SOC,R0135,LABEL,LABEL,MYALGIA,135,0
PUB-AE-BY-SOC,R0136,LABEL,LABEL,PAIN IN EXTREMITY,136,0
PUB-AE-BY-SOC,R0137,LABEL,LABEL,SHOULDER PAIN,137,0
PUB-AE-BY-SOC,R0138,LABEL,LABEL,COLON CANCER,138,0
PUB-AE-BY-SOC,R0139,LABEL,LABEL,MALIGNANT FIBROUS HISTIOCYTOMA,139,0
PUB-AE-BY-SOC,R0140,LABEL,LABEL,PROSTATE CANCER,140,0
PUB-AE-BY-SOC,R0141,LABEL,LABEL,AMNESIA,141,0
PUB-AE-BY-SOC,R0142,LABEL,LABEL,BALANCE DISORDER,142,0
PUB-AE-BY-SOC,R0143,LABEL,LABEL,BURNING SENSATION,143,0
PUB-AE-BY-SOC,R0144,LABEL,LABEL,COGNITIVE DISORDER,144,0
PUB-AE-BY-SOC,R0145,LABEL,LABEL,COMPLEX PARTIAL SEIZURES,145,0
PUB-AE-BY-SOC,R0146,LABEL,LABEL,COORDINATION ABNORMAL,146,0
PUB-AE-BY-SOC,R0147,LABEL,LABEL,DIZZINESS,147,0
PUB-AE-BY-SOC,R0148,LABEL,LABEL,HEADACHE,148,0
PUB-AE-BY-SOC,R0149,LABEL,LABEL,HEMIANOPIA HOMONYMOUS,149,0
PUB-AE-BY-SOC,R0150,LABEL,LABEL,HYPERSOMNIA,150,0
PUB-AE-BY-SOC,R0151,LABEL,LABEL,LETHARGY,151,0
PUB-AE-BY-SOC,R0152,LABEL,LABEL,PARAESTHESIA,152,0
PUB-AE-BY-SOC,R0153,LABEL,LABEL,PARAESTHESIA ORAL,153,0
PUB-AE-BY-SOC,R0154,LABEL,LABEL,PARKINSON'S DISEASE,154,0
PUB-AE-BY-SOC,R0155,LABEL,LABEL,PAROSMIA,155,0
PUB-AE-BY-SOC,R0156,LABEL,LABEL,PARTIAL SEIZURES WITH SECONDARY GENERALISATION,156,0
PUB-AE-BY-SOC,R0157,LABEL,LABEL,PSYCHOMOTOR HYPERACTIVITY,157,0
PUB-AE-BY-SOC,R0158,LABEL,LABEL,SOMNOLENCE,158,0
PUB-AE-BY-SOC,R0159,LABEL,LABEL,STUPOR,159,0
PUB-AE-BY-SOC,R0160,LABEL,LABEL,SYNCOPE,160,0
PUB-AE-BY-SOC,R0161,LABEL,LABEL,SYNCOPE VASOVAGAL,161,0
PUB-AE-BY-SOC,R0162,LABEL,LABEL,TRANSIENT ISCHAEMIC ATTACK,162,0
PUB-AE-BY-SOC,R0163,LABEL,LABEL,AGITATION,163,0
PUB-AE-BY-SOC,R0164,LABEL,LABEL,ANXIETY,164,0
PUB-AE-BY-SOC,R0165,LABEL,LABEL,COMPLETED SUICIDE,165,0
PUB-AE-BY-SOC,R0166,LABEL,LABEL,CONFUSIONAL STATE,166,0
PUB-AE-BY-SOC,R0167,LABEL,LABEL,DELIRIUM,167,0
PUB-AE-BY-SOC,R0168,LABEL,LABEL,DELUSION,168,0
PUB-AE-BY-SOC,R0169,LABEL,LABEL,DEPRESSED MOOD,169,0
PUB-AE-BY-SOC,R0170,LABEL,LABEL,DISORIENTATION,170,0
PUB-AE-BY-SOC,R0171,LABEL,LABEL,HALLUCINATION,171,0
PUB-AE-BY-SOC,R0172,LABEL,LABEL,"HALLUCINATION, VISUAL",172,0
PUB-AE-BY-SOC,R0173,LABEL,LABEL,INSOMNIA,173,0
PUB-AE-BY-SOC,R0174,LABEL,LABEL,IRRITABILITY,174,0
PUB-AE-BY-SOC,R0175,LABEL,LABEL,LIBIDO DECREASED,175,0
PUB-AE-BY-SOC,R0176,LABEL,LABEL,LISTLESS,176,0
PUB-AE-BY-SOC,R0177,LABEL,LABEL,NIGHTMARE,177,0
PUB-AE-BY-SOC,R0178,LABEL,LABEL,RESTLESSNESS,178,0
PUB-AE-BY-SOC,R0179,LABEL,LABEL,CALCULUS URETHRAL,179,0
PUB-AE-BY-SOC,R0180,LABEL,LABEL,DYSURIA,180,0
PUB-AE-BY-SOC,R0181,LABEL,LABEL,INCONTINENCE,181,0
PUB-AE-BY-SOC,R0182,LABEL,LABEL,MICTURITION URGENCY,182,0
PUB-AE-BY-SOC,R0183,LABEL,LABEL,NEPHROLITHIASIS,183,0
PUB-AE-BY-SOC,R0184,LABEL,LABEL,POLLAKIURIA,184,0
PUB-AE-BY-SOC,R0185,LABEL,LABEL,BENIGN PROSTATIC HYPERPLASIA,185,0
PUB-AE-BY-SOC,R0186,LABEL,LABEL,PELVIC PAIN,186,0
PUB-AE-BY-SOC,R0187,LABEL,LABEL,ALLERGIC GRANULOMATOUS ANGIITIS,187,0
PUB-AE-BY-SOC,R0188,LABEL,LABEL,COUGH,188,0
PUB-AE-BY-SOC,R0189,LABEL,LABEL,DYSPHONIA,189,0
PUB-AE-BY-SOC,R0190,LABEL,LABEL,DYSPNOEA,190,0
PUB-AE-BY-SOC,R0191,LABEL,LABEL,EMPHYSEMA,191,0
PUB-AE-BY-SOC,R0192,LABEL,LABEL,EPISTAXIS,192,0
PUB-AE-BY-SOC,R0193,LABEL,LABEL,HAEMOPTYSIS,193,0
PUB-AE-BY-SOC,R0194,LABEL,LABEL,NASAL CONGESTION,194,0
PUB-AE-BY-SOC,R0195,LABEL,LABEL,PHARYNGEAL ERYTHEMA,195,0
PUB-AE-BY-SOC,R0196,LABEL,LABEL,PHARYNGOLARYNGEAL PAIN,196,0
PUB-AE-BY-SOC,R0197,LABEL,LABEL,POSTNASAL DRIP,197,0
PUB-AE-BY-SOC,R0198,LABEL,LABEL,PRODUCTIVE COUGH,198,0
PUB-AE-BY-SOC,R0199,LABEL,LABEL,RALES,199,0
PUB-AE-BY-SOC,R0200,LABEL,LABEL,RESPIRATORY TRACT CONGESTION,200,0
PUB-AE-BY-SOC,R0201,LABEL,LABEL,RHINORRHOEA,201,0
PUB-AE-BY-SOC,R0202,LABEL,LABEL,ACTINIC KERATOSIS,202,0
PUB-AE-BY-SOC,R0203,LABEL,LABEL,ALOPECIA,203,0
PUB-AE-BY-SOC,R0204,LABEL,LABEL,BLISTER,204,0
PUB-AE-BY-SOC,R0205,LABEL,LABEL,COLD SWEAT,205,0
PUB-AE-BY-SOC,R0206,LABEL,LABEL,DERMATITIS CONTACT,206,0
PUB-AE-BY-SOC,R0207,LABEL,LABEL,DRUG ERUPTION,207,0
PUB-AE-BY-SOC,R0208,LABEL,LABEL,ERYTHEMA,208,0
PUB-AE-BY-SOC,R0209,LABEL,LABEL,HYPERHIDROSIS,209,0
PUB-AE-BY-SOC,R0210,LABEL,LABEL,PRURITUS,210,0
PUB-AE-BY-SOC,R0211,LABEL,LABEL,PRURITUS GENERALISED,211,0
PUB-AE-BY-SOC,R0212,LABEL,LABEL,RASH,212,0
PUB-AE-BY-SOC,R0213,LABEL,LABEL,RASH ERYTHEMATOUS,213,0
PUB-AE-BY-SOC,R0214,LABEL,LABEL,RASH MACULO-PAPULAR,214,0
PUB-AE-BY-SOC,R0215,LABEL,LABEL,RASH PRURITIC,215,0
PUB-AE-BY-SOC,R0216,LABEL,LABEL,SKIN EXFOLIATION,216,0
PUB-AE-BY-SOC,R0217,LABEL,LABEL,SKIN IRRITATION,217,0
PUB-AE-BY-SOC,R0218,LABEL,LABEL,SKIN ODOUR ABNORMAL,218,0
PUB-AE-BY-SOC,R0219,LABEL,LABEL,SKIN ULCER,219,0
PUB-AE-BY-SOC,R0220,LABEL,LABEL,URTICARIA,220,0
PUB-AE-BY-SOC,R0221,LABEL,LABEL,ALCOHOL USE,221,0
PUB-AE-BY-SOC,R0222,LABEL,LABEL,ACROCHORDON EXCISION,222,0
PUB-AE-BY-SOC,R0223,LABEL,LABEL,CATARACT OPERATION,223,0
PUB-AE-BY-SOC,R0224,LABEL,LABEL,EYE LASER SURGERY,224,0
PUB-AE-BY-SOC,R0225,LABEL,LABEL,SKIN LESION EXCISION,225,0
PUB-AE-BY-SOC,R0226,LABEL,LABEL,HOT FLUSH,226,0
PUB-AE-BY-SOC,R0227,LABEL,LABEL,HYPERTENSION,227,0
PUB-AE-BY-SOC,R0228,LABEL,LABEL,HYPOTENSION,228,0
PUB-AE-BY-SOC,R0229,LABEL,LABEL,ORTHOSTATIC HYPOTENSION,229,0
PUB-AE-BY-SOC,R0230,LABEL,LABEL,WOUND HAEMORRHAGE,230,0
